<annotation>
	<folder></folder>
	<filename>2022-12-20-215559_jpg.rf.783f5fd518650899ab8192d5854e6256.jpg</filename>
	<path>2022-12-20-215559_jpg.rf.783f5fd518650899ab8192d5854e6256.jpg</path>
	<source>
		<database>roboflow.ai</database>
	</source>
	<size>
		<width>1920</width>
		<height>1080</height>
		<depth>3</depth>
	</size>
	<segmented>0</segmented>
	<object>
		<name>G</name>
		<pose>Unspecified</pose>
		<truncated>0</truncated>
		<difficult>0</difficult>
		<occluded>0</occluded>
		<bndbox>
			<xmin>679</xmin>
			<xmax>732</xmax>
			<ymin>844</ymin>
			<ymax>895</ymax>
		</bndbox>
	</object>
	<object>
		<name>G</name>
		<pose>Unspecified</pose>
		<truncated>0</truncated>
		<difficult>0</difficult>
		<occluded>0</occluded>
		<bndbox>
			<xmin>733</xmin>
			<xmax>785</xmax>
			<ymin>794</ymin>
			<ymax>844</ymax>
		</bndbox>
	</object>
	<object>
		<name>G</name>
		<pose>Unspecified</pose>
		<truncated>0</truncated>
		<difficult>0</difficult>
		<occluded>0</occluded>
		<bndbox>
			<xmin>455</xmin>
			<xmax>516</xmax>
			<ymin>638</ymin>
			<ymax>688</ymax>
		</bndbox>
	</object>
	<object>
		<name>G</name>
		<pose>Unspecified</pose>
		<truncated>0</truncated>
		<difficult>0</difficult>
		<occluded>0</occluded>
		<bndbox>
			<xmin>449</xmin>
			<xmax>510</xmax>
			<ymin>570</ymin>
			<ymax>625</ymax>
		</bndbox>
	</object>
	<object>
		<name>G</name>
		<pose>Unspecified</pose>
		<truncated>0</truncated>
		<difficult>0</difficult>
		<occluded>0</occluded>
		<bndbox>
			<xmin>625</xmin>
			<xmax>678</xmax>
			<ymin>502</ymin>
			<ymax>556</ymax>
		</bndbox>
	</object>
	<object>
		<name>G</name>
		<pose>Unspecified</pose>
		<truncated>0</truncated>
		<difficult>0</difficult>
		<occluded>0</occluded>
		<bndbox>
			<xmin>793</xmin>
			<xmax>842</xmax>
			<ymin>437</ymin>
			<ymax>492</ymax>
		</bndbox>
	</object>
	<object>
		<name>G</name>
		<pose>Unspecified</pose>
		<truncated>0</truncated>
		<difficult>0</difficult>
		<occluded>0</occluded>
		<bndbox>
			<xmin>969</xmin>
			<xmax>1017</xmax>
			<ymin>439</ymin>
			<ymax>492</ymax>
		</bndbox>
	</object>
	<object>
		<name>G</name>
		<pose>Unspecified</pose>
		<truncated>0</truncated>
		<difficult>0</difficult>
		<occluded>0</occluded>
		<bndbox>
			<xmin>730</xmin>
			<xmax>781</xmax>
			<ymin>416</ymin>
			<ymax>470</ymax>
		</bndbox>
	</object>
	<object>
		<name>G</name>
		<pose>Unspecified</pose>
		<truncated>0</truncated>
		<difficult>0</difficult>
		<occluded>0</occluded>
		<bndbox>
			<xmin>480</xmin>
			<xmax>539</xmax>
			<ymin>393</ymin>
			<ymax>449</ymax>
		</bndbox>
	</object>
	<object>
		<name>G</name>
		<pose>Unspecified</pose>
		<truncated>0</truncated>
		<difficult>0</difficult>
		<occluded>0</occluded>
		<bndbox>
			<xmin>644</xmin>
			<xmax>695</xmax>
			<ymin>263</ymin>
			<ymax>324</ymax>
		</bndbox>
	</object>
	<object>
		<name>R</name>
		<pose>Unspecified</pose>
		<truncated>0</truncated>
		<difficult>0</difficult>
		<occluded>0</occluded>
		<bndbox>
			<xmin>554</xmin>
			<xmax>612</xmax>
			<ymin>867</ymin>
			<ymax>919</ymax>
		</bndbox>
	</object>
	<object>
		<name>R</name>
		<pose>Unspecified</pose>
		<truncated>0</truncated>
		<difficult>0</difficult>
		<occluded>0</occluded>
		<bndbox>
			<xmin>534</xmin>
			<xmax>593</xmax>
			<ymin>729</ymin>
			<ymax>780</ymax>
		</bndbox>
	</object>
	<object>
		<name>R</name>
		<pose>Unspecified</pose>
		<truncated>0</truncated>
		<difficult>0</difficult>
		<occluded>0</occluded>
		<bndbox>
			<xmin>389</xmin>
			<xmax>453</xmax>
			<ymin>619</ymin>
			<ymax>668</ymax>
		</bndbox>
	</object>
	<object>
		<name>R</name>
		<pose>Unspecified</pose>
		<truncated>0</truncated>
		<difficult>0</difficult>
		<occluded>0</occluded>
		<bndbox>
			<xmin>635</xmin>
			<xmax>688</xmax>
			<ymin>569</ymin>
			<ymax>621</ymax>
		</bndbox>
	</object>
	<object>
		<name>R</name>
		<pose>Unspecified</pose>
		<truncated>0</truncated>
		<difficult>0</difficult>
		<occluded>0</occluded>
		<bndbox>
			<xmin>818</xmin>
			<xmax>865</xmax>
			<ymin>569</ymin>
			<ymax>619</ymax>
		</bndbox>
	</object>
	<object>
		<name>R</name>
		<pose>Unspecified</pose>
		<truncated>0</truncated>
		<difficult>0</difficult>
		<occluded>0</occluded>
		<bndbox>
			<xmin>545</xmin>
			<xmax>603</xmax>
			<ymin>417</ymin>
			<ymax>472</ymax>
		</bndbox>
	</object>
	<object>
		<name>R</name>
		<pose>Unspecified</pose>
		<truncated>0</truncated>
		<difficult>0</difficult>
		<occluded>0</occluded>
		<bndbox>
			<xmin>907</xmin>
			<xmax>956</xmax>
			<ymin>414</ymin>
			<ymax>470</ymax>
		</bndbox>
	</object>
	<object>
		<name>R</name>
		<pose>Unspecified</pose>
		<truncated>0</truncated>
		<difficult>0</difficult>
		<occluded>0</occluded>
		<bndbox>
			<xmin>780</xmin>
			<xmax>829</xmax>
			<ymin>372</ymin>
			<ymax>428</ymax>
		</bndbox>
	</object>
	<object>
		<name>R</name>
		<pose>Unspecified</pose>
		<truncated>0</truncated>
		<difficult>0</difficult>
		<occluded>0</occluded>
		<bndbox>
			<xmin>716</xmin>
			<xmax>767</xmax>
			<ymin>350</ymin>
			<ymax>408</ymax>
		</bndbox>
	</object>
	<object>
		<name>R</name>
		<pose>Unspecified</pose>
		<truncated>0</truncated>
		<difficult>0</difficult>
		<occluded>0</occluded>
		<bndbox>
			<xmin>895</xmin>
			<xmax>942</xmax>
			<ymin>349</ymin>
			<ymax>405</ymax>
		</bndbox>
	</object>
	<object>
		<name>W</name>
		<pose>Unspecified</pose>
		<truncated>0</truncated>
		<difficult>0</difficult>
		<occluded>0</occluded>
		<bndbox>
			<xmin>543</xmin>
			<xmax>603</xmax>
			<ymin>796</ymin>
			<ymax>850</ymax>
		</bndbox>
	</object>
	<object>
		<name>W</name>
		<pose>Unspecified</pose>
		<truncated>0</truncated>
		<difficult>0</difficult>
		<occluded>0</occluded>
		<bndbox>
			<xmin>601</xmin>
			<xmax>658</xmax>
			<ymin>752</ymin>
			<ymax>802</ymax>
		</bndbox>
	</object>
	<object>
		<name>W</name>
		<pose>Unspecified</pose>
		<truncated>0</truncated>
		<difficult>0</difficult>
		<occluded>0</occluded>
		<bndbox>
			<xmin>777</xmin>
			<xmax>828</xmax>
			<ymin>680</ymin>
			<ymax>730</ymax>
		</bndbox>
	</object>
	<object>
		<name>W</name>
		<pose>Unspecified</pose>
		<truncated>0</truncated>
		<difficult>0</difficult>
		<occluded>0</occluded>
		<bndbox>
			<xmin>764</xmin>
			<xmax>817</xmax>
			<ymin>614</ymin>
			<ymax>664</ymax>
		</bndbox>
	</object>
	<object>
		<name>W</name>
		<pose>Unspecified</pose>
		<truncated>0</truncated>
		<difficult>0</difficult>
		<occluded>0</occluded>
		<bndbox>
			<xmin>754</xmin>
			<xmax>804</xmax>
			<ymin>546</ymin>
			<ymax>598</ymax>
		</bndbox>
	</object>
	<object>
		<name>W</name>
		<pose>Unspecified</pose>
		<truncated>0</truncated>
		<difficult>0</difficult>
		<occluded>0</occluded>
		<bndbox>
			<xmin>686</xmin>
			<xmax>742</xmax>
			<ymin>527</ymin>
			<ymax>578</ymax>
		</bndbox>
	</object>
	<object>
		<name>W</name>
		<pose>Unspecified</pose>
		<truncated>0</truncated>
		<difficult>0</difficult>
		<occluded>0</occluded>
		<bndbox>
			<xmin>741</xmin>
			<xmax>791</xmax>
			<ymin>480</ymin>
			<ymax>534</ymax>
		</bndbox>
	</object>
	<object>
		<name>W</name>
		<pose>Unspecified</pose>
		<truncated>0</truncated>
		<difficult>0</difficult>
		<occluded>0</occluded>
		<bndbox>
			<xmin>954</xmin>
			<xmax>1003</xmax>
			<ymin>372</ymin>
			<ymax>428</ymax>
		</bndbox>
	</object>
	<object>
		<name>W</name>
		<pose>Unspecified</pose>
		<truncated>0</truncated>
		<difficult>0</difficult>
		<occluded>0</occluded>
		<bndbox>
			<xmin>771</xmin>
			<xmax>820</xmax>
			<ymin>308</ymin>
			<ymax>366</ymax>
		</bndbox>
	</object>
	<object>
		<name>W</name>
		<pose>Unspecified</pose>
		<truncated>0</truncated>
		<difficult>0</difficult>
		<occluded>0</occluded>
		<bndbox>
			<xmin>695</xmin>
			<xmax>744</xmax>
			<ymin>221</ymin>
			<ymax>283</ymax>
		</bndbox>
	</object>
	<object>
		<name>O</name>
		<pose>Unspecified</pose>
		<truncated>0</truncated>
		<difficult>0</difficult>
		<occluded>0</occluded>
		<bndbox>
			<xmin>620</xmin>
			<xmax>679</xmax>
			<ymin>888</ymin>
			<ymax>942</ymax>
		</bndbox>
	</object>
	<object>
		<name>O</name>
		<pose>Unspecified</pose>
		<truncated>0</truncated>
		<difficult>0</difficult>
		<occluded>0</occluded>
		<bndbox>
			<xmin>664</xmin>
			<xmax>722</xmax>
			<ymin>772</ymin>
			<ymax>823</ymax>
		</bndbox>
	</object>
	<object>
		<name>O</name>
		<pose>Unspecified</pose>
		<truncated>0</truncated>
		<difficult>0</difficult>
		<occluded>0</occluded>
		<bndbox>
			<xmin>931</xmin>
			<xmax>978</xmax>
			<ymin>546</ymin>
			<ymax>599</ymax>
		</bndbox>
	</object>
	<object>
		<name>O</name>
		<pose>Unspecified</pose>
		<truncated>0</truncated>
		<difficult>0</difficult>
		<occluded>0</occluded>
		<bndbox>
			<xmin>982</xmin>
			<xmax>1029</xmax>
			<ymin>503</ymin>
			<ymax>556</ymax>
		</bndbox>
	</object>
	<object>
		<name>O</name>
		<pose>Unspecified</pose>
		<truncated>0</truncated>
		<difficult>0</difficult>
		<occluded>0</occluded>
		<bndbox>
			<xmin>918</xmin>
			<xmax>966</xmax>
			<ymin>481</ymin>
			<ymax>535</ymax>
		</bndbox>
	</object>
	<object>
		<name>O</name>
		<pose>Unspecified</pose>
		<truncated>0</truncated>
		<difficult>0</difficult>
		<occluded>0</occluded>
		<bndbox>
			<xmin>611</xmin>
			<xmax>667</xmax>
			<ymin>436</ymin>
			<ymax>493</ymax>
		</bndbox>
	</object>
	<object>
		<name>O</name>
		<pose>Unspecified</pose>
		<truncated>0</truncated>
		<difficult>0</difficult>
		<occluded>0</occluded>
		<bndbox>
			<xmin>843</xmin>
			<xmax>892</xmax>
			<ymin>394</ymin>
			<ymax>449</ymax>
		</bndbox>
	</object>
	<object>
		<name>O</name>
		<pose>Unspecified</pose>
		<truncated>0</truncated>
		<difficult>0</difficult>
		<occluded>0</occluded>
		<bndbox>
			<xmin>654</xmin>
			<xmax>707</xmax>
			<ymin>327</ymin>
			<ymax>385</ymax>
		</bndbox>
	</object>
	<object>
		<name>O</name>
		<pose>Unspecified</pose>
		<truncated>0</truncated>
		<difficult>0</difficult>
		<occluded>0</occluded>
		<bndbox>
			<xmin>589</xmin>
			<xmax>644</xmax>
			<ymin>304</ymin>
			<ymax>362</ymax>
		</bndbox>
	</object>
	<object>
		<name>O</name>
		<pose>Unspecified</pose>
		<truncated>0</truncated>
		<difficult>0</difficult>
		<occluded>0</occluded>
		<bndbox>
			<xmin>944</xmin>
			<xmax>992</xmax>
			<ymin>308</ymin>
			<ymax>367</ymax>
		</bndbox>
	</object>
	<object>
		<name>R2</name>
		<pose>Unspecified</pose>
		<truncated>0</truncated>
		<difficult>0</difficult>
		<occluded>0</occluded>
		<bndbox>
			<xmin>710</xmin>
			<xmax>763</xmax>
			<ymin>659</ymin>
			<ymax>708</ymax>
		</bndbox>
	</object>
	<object>
		<name>R2</name>
		<pose>Unspecified</pose>
		<truncated>0</truncated>
		<difficult>0</difficult>
		<occluded>0</occluded>
		<bndbox>
			<xmin>645</xmin>
			<xmax>701</xmax>
			<ymin>636</ymin>
			<ymax>688</ymax>
		</bndbox>
	</object>
	<object>
		<name>R2</name>
		<pose>Unspecified</pose>
		<truncated>0</truncated>
		<difficult>0</difficult>
		<occluded>0</occluded>
		<bndbox>
			<xmin>578</xmin>
			<xmax>635</xmax>
			<ymin>617</ymin>
			<ymax>667</ymax>
		</bndbox>
	</object>
	<object>
		<name>R2</name>
		<pose>Unspecified</pose>
		<truncated>0</truncated>
		<difficult>0</difficult>
		<occluded>0</occluded>
		<bndbox>
			<xmin>831</xmin>
			<xmax>878</xmax>
			<ymin>636</ymin>
			<ymax>686</ymax>
		</bndbox>
	</object>
	<object>
		<name>R2</name>
		<pose>Unspecified</pose>
		<truncated>0</truncated>
		<difficult>0</difficult>
		<occluded>0</occluded>
		<bndbox>
			<xmin>566</xmin>
			<xmax>624</xmax>
			<ymin>549</ymin>
			<ymax>602</ymax>
		</bndbox>
	</object>
	<object>
		<name>R2</name>
		<pose>Unspecified</pose>
		<truncated>0</truncated>
		<difficult>0</difficult>
		<occluded>0</occluded>
		<bndbox>
			<xmin>556</xmin>
			<xmax>613</xmax>
			<ymin>481</ymin>
			<ymax>534</ymax>
		</bndbox>
	</object>
	<object>
		<name>R2</name>
		<pose>Unspecified</pose>
		<truncated>0</truncated>
		<difficult>0</difficult>
		<occluded>0</occluded>
		<bndbox>
			<xmin>870</xmin>
			<xmax>918</xmax>
			<ymin>528</ymin>
			<ymax>578</ymax>
		</bndbox>
	</object>
	<object>
		<name>R2</name>
		<pose>Unspecified</pose>
		<truncated>0</truncated>
		<difficult>0</difficult>
		<occluded>0</occluded>
		<bndbox>
			<xmin>856</xmin>
			<xmax>903</xmax>
			<ymin>459</ymin>
			<ymax>510</ymax>
		</bndbox>
	</object>
	<object>
		<name>R2</name>
		<pose>Unspecified</pose>
		<truncated>0</truncated>
		<difficult>0</difficult>
		<occluded>0</occluded>
		<bndbox>
			<xmin>664</xmin>
			<xmax>717</xmax>
			<ymin>395</ymin>
			<ymax>449</ymax>
		</bndbox>
	</object>
	<object>
		<name>R2</name>
		<pose>Unspecified</pose>
		<truncated>0</truncated>
		<difficult>0</difficult>
		<occluded>0</occluded>
		<bndbox>
			<xmin>532</xmin>
			<xmax>591</xmax>
			<ymin>347</ymin>
			<ymax>406</ymax>
		</bndbox>
	</object>
	<object>
		<name>B</name>
		<pose>Unspecified</pose>
		<truncated>0</truncated>
		<difficult>0</difficult>
		<occluded>0</occluded>
		<bndbox>
			<xmin>701</xmin>
			<xmax>753</xmax>
			<ymin>590</ymin>
			<ymax>640</ymax>
		</bndbox>
	</object>
	<object>
		<name>B</name>
		<pose>Unspecified</pose>
		<truncated>0</truncated>
		<difficult>0</difficult>
		<occluded>0</occluded>
		<bndbox>
			<xmin>883</xmin>
			<xmax>931</xmax>
			<ymin>593</ymin>
			<ymax>643</ymax>
		</bndbox>
	</object>
	<object>
		<name>B</name>
		<pose>Unspecified</pose>
		<truncated>0</truncated>
		<difficult>0</difficult>
		<occluded>0</occluded>
		<bndbox>
			<xmin>806</xmin>
			<xmax>856</xmax>
			<ymin>503</ymin>
			<ymax>557</ymax>
		</bndbox>
	</object>
	<object>
		<name>B</name>
		<pose>Unspecified</pose>
		<truncated>0</truncated>
		<difficult>0</difficult>
		<occluded>0</occluded>
		<bndbox>
			<xmin>676</xmin>
			<xmax>729</xmax>
			<ymin>458</ymin>
			<ymax>513</ymax>
		</bndbox>
	</object>
	<object>
		<name>B</name>
		<pose>Unspecified</pose>
		<truncated>0</truncated>
		<difficult>0</difficult>
		<occluded>0</occluded>
		<bndbox>
			<xmin>600</xmin>
			<xmax>653</xmax>
			<ymin>372</ymin>
			<ymax>428</ymax>
		</bndbox>
	</object>
	<object>
		<name>B</name>
		<pose>Unspecified</pose>
		<truncated>0</truncated>
		<difficult>0</difficult>
		<occluded>0</occluded>
		<bndbox>
			<xmin>833</xmin>
			<xmax>880</xmax>
			<ymin>328</ymin>
			<ymax>385</ymax>
		</bndbox>
	</object>
	<object>
		<name>B</name>
		<pose>Unspecified</pose>
		<truncated>0</truncated>
		<difficult>0</difficult>
		<occluded>0</occluded>
		<bndbox>
			<xmin>704</xmin>
			<xmax>755</xmax>
			<ymin>285</ymin>
			<ymax>345</ymax>
		</bndbox>
	</object>
	<object>
		<name>B</name>
		<pose>Unspecified</pose>
		<truncated>0</truncated>
		<difficult>0</difficult>
		<occluded>0</occluded>
		<bndbox>
			<xmin>760</xmin>
			<xmax>808</xmax>
			<ymin>242</ymin>
			<ymax>306</ymax>
		</bndbox>
	</object>
	<object>
		<name>B</name>
		<pose>Unspecified</pose>
		<truncated>0</truncated>
		<difficult>0</difficult>
		<occluded>0</occluded>
		<bndbox>
			<xmin>820</xmin>
			<xmax>869</xmax>
			<ymin>264</ymin>
			<ymax>325</ymax>
		</bndbox>
	</object>
	<object>
		<name>B</name>
		<pose>Unspecified</pose>
		<truncated>0</truncated>
		<difficult>0</difficult>
		<occluded>0</occluded>
		<bndbox>
			<xmin>881</xmin>
			<xmax>930</xmax>
			<ymin>287</ymin>
			<ymax>346</ymax>
		</bndbox>
	</object>
</annotation>
