<annotation>
	<folder></folder>
	<filename>2022-12-20-223439_jpg.rf.e7dc32a73b3e02edcae61710b8141378.jpg</filename>
	<path>2022-12-20-223439_jpg.rf.e7dc32a73b3e02edcae61710b8141378.jpg</path>
	<source>
		<database>roboflow.ai</database>
	</source>
	<size>
		<width>1920</width>
		<height>1080</height>
		<depth>3</depth>
	</size>
	<segmented>0</segmented>
	<object>
		<name>G</name>
		<pose>Unspecified</pose>
		<truncated>0</truncated>
		<difficult>0</difficult>
		<occluded>0</occluded>
		<bndbox>
			<xmin>797</xmin>
			<xmax>847</xmax>
			<ymin>525</ymin>
			<ymax>578</ymax>
		</bndbox>
	</object>
</annotation>
