<annotation>
	<folder></folder>
	<filename>2022-12-20-223454_jpg.rf.2aa4a69b9e29bbd33b7defade3e4f877.jpg</filename>
	<path>2022-12-20-223454_jpg.rf.2aa4a69b9e29bbd33b7defade3e4f877.jpg</path>
	<source>
		<database>roboflow.ai</database>
	</source>
	<size>
		<width>1920</width>
		<height>1080</height>
		<depth>3</depth>
	</size>
	<segmented>0</segmented>
	<object>
		<name>G</name>
		<pose>Unspecified</pose>
		<truncated>0</truncated>
		<difficult>0</difficult>
		<occluded>0</occluded>
		<bndbox>
			<xmin>673</xmin>
			<xmax>726</xmax>
			<ymin>405</ymin>
			<ymax>461</ymax>
		</bndbox>
	</object>
</annotation>
