<annotation>
	<folder></folder>
	<filename>2022-12-20-215238_jpg.rf.f23482e045052c9d5f1fba4bd92008c1.jpg</filename>
	<path>2022-12-20-215238_jpg.rf.f23482e045052c9d5f1fba4bd92008c1.jpg</path>
	<source>
		<database>roboflow.ai</database>
	</source>
	<size>
		<width>1920</width>
		<height>1080</height>
		<depth>3</depth>
	</size>
	<segmented>0</segmented>
	<object>
		<name>G</name>
		<pose>Unspecified</pose>
		<truncated>0</truncated>
		<difficult>0</difficult>
		<occluded>0</occluded>
		<bndbox>
			<xmin>460</xmin>
			<xmax>522</xmax>
			<ymin>638</ymin>
			<ymax>687</ymax>
		</bndbox>
	</object>
	<object>
		<name>G</name>
		<pose>Unspecified</pose>
		<truncated>0</truncated>
		<difficult>0</difficult>
		<occluded>0</occluded>
		<bndbox>
			<xmin>453</xmin>
			<xmax>514</xmax>
			<ymin>570</ymin>
			<ymax>623</ymax>
		</bndbox>
	</object>
	<object>
		<name>G</name>
		<pose>Unspecified</pose>
		<truncated>0</truncated>
		<difficult>0</difficult>
		<occluded>0</occluded>
		<bndbox>
			<xmin>441</xmin>
			<xmax>504</xmax>
			<ymin>504</ymin>
			<ymax>556</ymax>
		</bndbox>
	</object>
	<object>
		<name>G</name>
		<pose>Unspecified</pose>
		<truncated>0</truncated>
		<difficult>0</difficult>
		<occluded>0</occluded>
		<bndbox>
			<xmin>429</xmin>
			<xmax>492</xmax>
			<ymin>436</ymin>
			<ymax>490</ymax>
		</bndbox>
	</object>
	<object>
		<name>G</name>
		<pose>Unspecified</pose>
		<truncated>0</truncated>
		<difficult>0</difficult>
		<occluded>0</occluded>
		<bndbox>
			<xmin>628</xmin>
			<xmax>682</xmax>
			<ymin>502</ymin>
			<ymax>555</ymax>
		</bndbox>
	</object>
	<object>
		<name>G</name>
		<pose>Unspecified</pose>
		<truncated>0</truncated>
		<difficult>0</difficult>
		<occluded>0</occluded>
		<bndbox>
			<xmin>794</xmin>
			<xmax>844</xmax>
			<ymin>438</ymin>
			<ymax>492</ymax>
		</bndbox>
	</object>
	<object>
		<name>G</name>
		<pose>Unspecified</pose>
		<truncated>0</truncated>
		<difficult>0</difficult>
		<occluded>0</occluded>
		<bndbox>
			<xmin>733</xmin>
			<xmax>783</xmax>
			<ymin>417</ymin>
			<ymax>470</ymax>
		</bndbox>
	</object>
	<object>
		<name>G</name>
		<pose>Unspecified</pose>
		<truncated>0</truncated>
		<difficult>0</difficult>
		<occluded>0</occluded>
		<bndbox>
			<xmin>681</xmin>
			<xmax>735</xmax>
			<ymin>842</ymin>
			<ymax>889</ymax>
		</bndbox>
	</object>
	<object>
		<name>G</name>
		<pose>Unspecified</pose>
		<truncated>0</truncated>
		<difficult>0</difficult>
		<occluded>0</occluded>
		<bndbox>
			<xmin>735</xmin>
			<xmax>786</xmax>
			<ymin>791</ymin>
			<ymax>839</ymax>
		</bndbox>
	</object>
	<object>
		<name>G</name>
		<pose>Unspecified</pose>
		<truncated>0</truncated>
		<difficult>0</difficult>
		<occluded>0</occluded>
		<bndbox>
			<xmin>956</xmin>
			<xmax>1005</xmax>
			<ymin>680</ymin>
			<ymax>730</ymax>
		</bndbox>
	</object>
	<object>
		<name>R</name>
		<pose>Unspecified</pose>
		<truncated>0</truncated>
		<difficult>0</difficult>
		<occluded>0</occluded>
		<bndbox>
			<xmin>907</xmin>
			<xmax>956</xmax>
			<ymin>416</ymin>
			<ymax>472</ymax>
		</bndbox>
	</object>
	<object>
		<name>R</name>
		<pose>Unspecified</pose>
		<truncated>0</truncated>
		<difficult>0</difficult>
		<occluded>0</occluded>
		<bndbox>
			<xmin>1030</xmin>
			<xmax>1077</xmax>
			<ymin>459</ymin>
			<ymax>509</ymax>
		</bndbox>
	</object>
	<object>
		<name>R</name>
		<pose>Unspecified</pose>
		<truncated>0</truncated>
		<difficult>0</difficult>
		<occluded>0</occluded>
		<bndbox>
			<xmin>1005</xmin>
			<xmax>1053</xmax>
			<ymin>333</ymin>
			<ymax>388</ymax>
		</bndbox>
	</object>
	<object>
		<name>R</name>
		<pose>Unspecified</pose>
		<truncated>0</truncated>
		<difficult>0</difficult>
		<occluded>0</occluded>
		<bndbox>
			<xmin>782</xmin>
			<xmax>830</xmax>
			<ymin>374</ymin>
			<ymax>429</ymax>
		</bndbox>
	</object>
	<object>
		<name>R</name>
		<pose>Unspecified</pose>
		<truncated>0</truncated>
		<difficult>0</difficult>
		<occluded>0</occluded>
		<bndbox>
			<xmin>817</xmin>
			<xmax>865</xmax>
			<ymin>570</ymin>
			<ymax>618</ymax>
		</bndbox>
	</object>
	<object>
		<name>R</name>
		<pose>Unspecified</pose>
		<truncated>0</truncated>
		<difficult>0</difficult>
		<occluded>0</occluded>
		<bndbox>
			<xmin>637</xmin>
			<xmax>690</xmax>
			<ymin>569</ymin>
			<ymax>620</ymax>
		</bndbox>
	</object>
	<object>
		<name>R</name>
		<pose>Unspecified</pose>
		<truncated>0</truncated>
		<difficult>0</difficult>
		<occluded>0</occluded>
		<bndbox>
			<xmin>539</xmin>
			<xmax>596</xmax>
			<ymin>727</ymin>
			<ymax>777</ymax>
		</bndbox>
	</object>
	<object>
		<name>R</name>
		<pose>Unspecified</pose>
		<truncated>0</truncated>
		<difficult>0</difficult>
		<occluded>0</occluded>
		<bndbox>
			<xmin>557</xmin>
			<xmax>615</xmax>
			<ymin>864</ymin>
			<ymax>915</ymax>
		</bndbox>
	</object>
	<object>
		<name>R</name>
		<pose>Unspecified</pose>
		<truncated>0</truncated>
		<difficult>0</difficult>
		<occluded>0</occluded>
		<bndbox>
			<xmin>395</xmin>
			<xmax>458</xmax>
			<ymin>617</ymin>
			<ymax>667</ymax>
		</bndbox>
	</object>
	<object>
		<name>R</name>
		<pose>Unspecified</pose>
		<truncated>0</truncated>
		<difficult>0</difficult>
		<occluded>0</occluded>
		<bndbox>
			<xmin>547</xmin>
			<xmax>605</xmax>
			<ymin>418</ymin>
			<ymax>470</ymax>
		</bndbox>
	</object>
	<object>
		<name>R2</name>
		<pose>Unspecified</pose>
		<truncated>0</truncated>
		<difficult>0</difficult>
		<occluded>0</occluded>
		<bndbox>
			<xmin>670</xmin>
			<xmax>720</xmax>
			<ymin>396</ymin>
			<ymax>451</ymax>
		</bndbox>
	</object>
	<object>
		<name>R2</name>
		<pose>Unspecified</pose>
		<truncated>0</truncated>
		<difficult>0</difficult>
		<occluded>0</occluded>
		<bndbox>
			<xmin>475</xmin>
			<xmax>536</xmax>
			<ymin>333</ymin>
			<ymax>387</ymax>
		</bndbox>
	</object>
	<object>
		<name>R2</name>
		<pose>Unspecified</pose>
		<truncated>0</truncated>
		<difficult>0</difficult>
		<occluded>0</occluded>
		<bndbox>
			<xmin>529</xmin>
			<xmax>587</xmax>
			<ymin>287</ymin>
			<ymax>343</ymax>
		</bndbox>
	</object>
	<object>
		<name>R2</name>
		<pose>Unspecified</pose>
		<truncated>0</truncated>
		<difficult>0</difficult>
		<occluded>0</occluded>
		<bndbox>
			<xmin>463</xmin>
			<xmax>523</xmax>
			<ymin>267</ymin>
			<ymax>326</ymax>
		</bndbox>
	</object>
	<object>
		<name>R2</name>
		<pose>Unspecified</pose>
		<truncated>0</truncated>
		<difficult>0</difficult>
		<occluded>0</occluded>
		<bndbox>
			<xmin>517</xmin>
			<xmax>576</xmax>
			<ymin>226</ymin>
			<ymax>286</ymax>
		</bndbox>
	</object>
	<object>
		<name>R2</name>
		<pose>Unspecified</pose>
		<truncated>0</truncated>
		<difficult>0</difficult>
		<occluded>0</occluded>
		<bndbox>
			<xmin>581</xmin>
			<xmax>635</xmax>
			<ymin>245</ymin>
			<ymax>303</ymax>
		</bndbox>
	</object>
	<object>
		<name>R2</name>
		<pose>Unspecified</pose>
		<truncated>0</truncated>
		<difficult>0</difficult>
		<occluded>0</occluded>
		<bndbox>
			<xmin>857</xmin>
			<xmax>904</xmax>
			<ymin>461</ymin>
			<ymax>514</ymax>
		</bndbox>
	</object>
	<object>
		<name>R2</name>
		<pose>Unspecified</pose>
		<truncated>0</truncated>
		<difficult>0</difficult>
		<occluded>0</occluded>
		<bndbox>
			<xmin>711</xmin>
			<xmax>764</xmax>
			<ymin>659</ymin>
			<ymax>707</ymax>
		</bndbox>
	</object>
	<object>
		<name>R2</name>
		<pose>Unspecified</pose>
		<truncated>0</truncated>
		<difficult>0</difficult>
		<occluded>0</occluded>
		<bndbox>
			<xmin>571</xmin>
			<xmax>627</xmax>
			<ymin>550</ymin>
			<ymax>600</ymax>
		</bndbox>
	</object>
	<object>
		<name>R2</name>
		<pose>Unspecified</pose>
		<truncated>0</truncated>
		<difficult>0</difficult>
		<occluded>0</occluded>
		<bndbox>
			<xmin>316</xmin>
			<xmax>386</xmax>
			<ymin>524</ymin>
			<ymax>580</ymax>
		</bndbox>
	</object>
	<object>
		<name>O</name>
		<pose>Unspecified</pose>
		<truncated>0</truncated>
		<difficult>0</difficult>
		<occluded>0</occluded>
		<bndbox>
			<xmin>375</xmin>
			<xmax>441</xmax>
			<ymin>481</ymin>
			<ymax>536</ymax>
		</bndbox>
	</object>
	<object>
		<name>O</name>
		<pose>Unspecified</pose>
		<truncated>0</truncated>
		<difficult>0</difficult>
		<occluded>0</occluded>
		<bndbox>
			<xmin>614</xmin>
			<xmax>670</xmax>
			<ymin>437</ymin>
			<ymax>492</ymax>
		</bndbox>
	</object>
	<object>
		<name>O</name>
		<pose>Unspecified</pose>
		<truncated>0</truncated>
		<difficult>0</difficult>
		<occluded>0</occluded>
		<bndbox>
			<xmin>622</xmin>
			<xmax>682</xmax>
			<ymin>884</ymin>
			<ymax>937</ymax>
		</bndbox>
	</object>
	<object>
		<name>O</name>
		<pose>Unspecified</pose>
		<truncated>0</truncated>
		<difficult>0</difficult>
		<occluded>0</occluded>
		<bndbox>
			<xmin>667</xmin>
			<xmax>726</xmax>
			<ymin>770</ymin>
			<ymax>819</ymax>
		</bndbox>
	</object>
	<object>
		<name>O</name>
		<pose>Unspecified</pose>
		<truncated>0</truncated>
		<difficult>0</difficult>
		<occluded>0</occluded>
		<bndbox>
			<xmin>844</xmin>
			<xmax>894</xmax>
			<ymin>394</ymin>
			<ymax>447</ymax>
		</bndbox>
	</object>
	<object>
		<name>O</name>
		<pose>Unspecified</pose>
		<truncated>0</truncated>
		<difficult>0</difficult>
		<occluded>0</occluded>
		<bndbox>
			<xmin>932</xmin>
			<xmax>980</xmax>
			<ymin>547</ymin>
			<ymax>598</ymax>
		</bndbox>
	</object>
	<object>
		<name>O</name>
		<pose>Unspecified</pose>
		<truncated>0</truncated>
		<difficult>0</difficult>
		<occluded>0</occluded>
		<bndbox>
			<xmin>1080</xmin>
			<xmax>1129</xmax>
			<ymin>417</ymin>
			<ymax>469</ymax>
		</bndbox>
	</object>
	<object>
		<name>O</name>
		<pose>Unspecified</pose>
		<truncated>0</truncated>
		<difficult>0</difficult>
		<occluded>0</occluded>
		<bndbox>
			<xmin>942</xmin>
			<xmax>991</xmax>
			<ymin>310</ymin>
			<ymax>368</ymax>
		</bndbox>
	</object>
	<object>
		<name>O</name>
		<pose>Unspecified</pose>
		<truncated>0</truncated>
		<difficult>0</difficult>
		<occluded>0</occluded>
		<bndbox>
			<xmin>908</xmin>
			<xmax>957</xmax>
			<ymin>724</ymin>
			<ymax>773</ymax>
		</bndbox>
	</object>
	<object>
		<name>O</name>
		<pose>Unspecified</pose>
		<truncated>0</truncated>
		<difficult>0</difficult>
		<occluded>0</occluded>
		<bndbox>
			<xmin>969</xmin>
			<xmax>1018</xmax>
			<ymin>745</ymin>
			<ymax>795</ymax>
		</bndbox>
	</object>
	<object>
		<name>W</name>
		<pose>Unspecified</pose>
		<truncated>0</truncated>
		<difficult>0</difficult>
		<occluded>0</occluded>
		<bndbox>
			<xmin>852</xmin>
			<xmax>905</xmax>
			<ymin>770</ymin>
			<ymax>820</ymax>
		</bndbox>
	</object>
	<object>
		<name>W</name>
		<pose>Unspecified</pose>
		<truncated>0</truncated>
		<difficult>0</difficult>
		<occluded>0</occluded>
		<bndbox>
			<xmin>1019</xmin>
			<xmax>1070</xmax>
			<ymin>701</ymin>
			<ymax>751</ymax>
		</bndbox>
	</object>
	<object>
		<name>W</name>
		<pose>Unspecified</pose>
		<truncated>0</truncated>
		<difficult>0</difficult>
		<occluded>0</occluded>
		<bndbox>
			<xmin>1004</xmin>
			<xmax>1055</xmax>
			<ymin>635</ymin>
			<ymax>684</ymax>
		</bndbox>
	</object>
	<object>
		<name>W</name>
		<pose>Unspecified</pose>
		<truncated>0</truncated>
		<difficult>0</difficult>
		<occluded>0</occluded>
		<bndbox>
			<xmin>1043</xmin>
			<xmax>1091</xmax>
			<ymin>528</ymin>
			<ymax>577</ymax>
		</bndbox>
	</object>
	<object>
		<name>W</name>
		<pose>Unspecified</pose>
		<truncated>0</truncated>
		<difficult>0</difficult>
		<occluded>0</occluded>
		<bndbox>
			<xmin>919</xmin>
			<xmax>967</xmax>
			<ymin>185</ymin>
			<ymax>245</ymax>
		</bndbox>
	</object>
	<object>
		<name>W</name>
		<pose>Unspecified</pose>
		<truncated>0</truncated>
		<difficult>0</difficult>
		<occluded>0</occluded>
		<bndbox>
			<xmin>635</xmin>
			<xmax>689</xmax>
			<ymin>201</ymin>
			<ymax>262</ymax>
		</bndbox>
	</object>
	<object>
		<name>W</name>
		<pose>Unspecified</pose>
		<truncated>0</truncated>
		<difficult>0</difficult>
		<occluded>0</occluded>
		<bndbox>
			<xmin>742</xmin>
			<xmax>793</xmax>
			<ymin>481</ymin>
			<ymax>533</ymax>
		</bndbox>
	</object>
	<object>
		<name>W</name>
		<pose>Unspecified</pose>
		<truncated>0</truncated>
		<difficult>0</difficult>
		<occluded>0</occluded>
		<bndbox>
			<xmin>753</xmin>
			<xmax>804</xmax>
			<ymin>547</ymin>
			<ymax>599</ymax>
		</bndbox>
	</object>
	<object>
		<name>W</name>
		<pose>Unspecified</pose>
		<truncated>0</truncated>
		<difficult>0</difficult>
		<occluded>0</occluded>
		<bndbox>
			<xmin>603</xmin>
			<xmax>662</xmax>
			<ymin>749</ymin>
			<ymax>799</ymax>
		</bndbox>
	</object>
	<object>
		<name>W</name>
		<pose>Unspecified</pose>
		<truncated>0</truncated>
		<difficult>0</difficult>
		<occluded>0</occluded>
		<bndbox>
			<xmin>546</xmin>
			<xmax>607</xmax>
			<ymin>793</ymin>
			<ymax>846</ymax>
		</bndbox>
	</object>
	<object>
		<name>B</name>
		<pose>Unspecified</pose>
		<truncated>0</truncated>
		<difficult>0</difficult>
		<occluded>0</occluded>
		<bndbox>
			<xmin>572</xmin>
			<xmax>627</xmax>
			<ymin>182</ymin>
			<ymax>243</ymax>
		</bndbox>
	</object>
	<object>
		<name>B</name>
		<pose>Unspecified</pose>
		<truncated>0</truncated>
		<difficult>0</difficult>
		<occluded>0</occluded>
		<bndbox>
			<xmin>709</xmin>
			<xmax>758</xmax>
			<ymin>287</ymin>
			<ymax>346</ymax>
		</bndbox>
	</object>
	<object>
		<name>B</name>
		<pose>Unspecified</pose>
		<truncated>0</truncated>
		<difficult>0</difficult>
		<occluded>0</occluded>
		<bndbox>
			<xmin>749</xmin>
			<xmax>799</xmax>
			<ymin>183</ymin>
			<ymax>245</ymax>
		</bndbox>
	</object>
	<object>
		<name>B</name>
		<pose>Unspecified</pose>
		<truncated>0</truncated>
		<difficult>0</difficult>
		<occluded>0</occluded>
		<bndbox>
			<xmin>905</xmin>
			<xmax>956</xmax>
			<ymin>122</ymin>
			<ymax>185</ymax>
		</bndbox>
	</object>
	<object>
		<name>B</name>
		<pose>Unspecified</pose>
		<truncated>0</truncated>
		<difficult>0</difficult>
		<occluded>0</occluded>
		<bndbox>
			<xmin>885</xmin>
			<xmax>931</xmax>
			<ymin>288</ymin>
			<ymax>346</ymax>
		</bndbox>
	</object>
	<object>
		<name>B</name>
		<pose>Unspecified</pose>
		<truncated>0</truncated>
		<difficult>0</difficult>
		<occluded>0</occluded>
		<bndbox>
			<xmin>833</xmin>
			<xmax>880</xmax>
			<ymin>330</ymin>
			<ymax>386</ymax>
		</bndbox>
	</object>
	<object>
		<name>B</name>
		<pose>Unspecified</pose>
		<truncated>0</truncated>
		<difficult>0</difficult>
		<occluded>0</occluded>
		<bndbox>
			<xmin>604</xmin>
			<xmax>659</xmax>
			<ymin>374</ymin>
			<ymax>430</ymax>
		</bndbox>
	</object>
	<object>
		<name>B</name>
		<pose>Unspecified</pose>
		<truncated>0</truncated>
		<difficult>0</difficult>
		<occluded>0</occluded>
		<bndbox>
			<xmin>678</xmin>
			<xmax>730</xmax>
			<ymin>459</ymin>
			<ymax>514</ymax>
		</bndbox>
	</object>
	<object>
		<name>B</name>
		<pose>Unspecified</pose>
		<truncated>0</truncated>
		<difficult>0</difficult>
		<occluded>0</occluded>
		<bndbox>
			<xmin>808</xmin>
			<xmax>858</xmax>
			<ymin>503</ymin>
			<ymax>556</ymax>
		</bndbox>
	</object>
	<object>
		<name>B</name>
		<pose>Unspecified</pose>
		<truncated>0</truncated>
		<difficult>0</difficult>
		<occluded>0</occluded>
		<bndbox>
			<xmin>703</xmin>
			<xmax>756</xmax>
			<ymin>590</ymin>
			<ymax>640</ymax>
		</bndbox>
	</object>
</annotation>
