<annotation>
	<folder></folder>
	<filename>2022-12-20-223137_jpg.rf.5b2ac68779a41f32090b7df43301ae71.jpg</filename>
	<path>2022-12-20-223137_jpg.rf.5b2ac68779a41f32090b7df43301ae71.jpg</path>
	<source>
		<database>roboflow.ai</database>
	</source>
	<size>
		<width>1920</width>
		<height>1080</height>
		<depth>3</depth>
	</size>
	<segmented>0</segmented>
	<object>
		<name>B</name>
		<pose>Unspecified</pose>
		<truncated>0</truncated>
		<difficult>0</difficult>
		<occluded>0</occluded>
		<bndbox>
			<xmin>208</xmin>
			<xmax>277</xmax>
			<ymin>667</ymin>
			<ymax>719</ymax>
		</bndbox>
	</object>
	<object>
		<name>B</name>
		<pose>Unspecified</pose>
		<truncated>0</truncated>
		<difficult>0</difficult>
		<occluded>0</occluded>
		<bndbox>
			<xmin>277</xmin>
			<xmax>346</xmax>
			<ymin>677</ymin>
			<ymax>727</ymax>
		</bndbox>
	</object>
	<object>
		<name>B</name>
		<pose>Unspecified</pose>
		<truncated>0</truncated>
		<difficult>0</difficult>
		<occluded>0</occluded>
		<bndbox>
			<xmin>258</xmin>
			<xmax>326</xmax>
			<ymin>613</ymin>
			<ymax>667</ymax>
		</bndbox>
	</object>
	<object>
		<name>B</name>
		<pose>Unspecified</pose>
		<truncated>0</truncated>
		<difficult>0</difficult>
		<occluded>0</occluded>
		<bndbox>
			<xmin>304</xmin>
			<xmax>371</xmax>
			<ymin>559</ymin>
			<ymax>613</ymax>
		</bndbox>
	</object>
	<object>
		<name>B</name>
		<pose>Unspecified</pose>
		<truncated>0</truncated>
		<difficult>0</difficult>
		<occluded>0</occluded>
		<bndbox>
			<xmin>347</xmin>
			<xmax>414</xmax>
			<ymin>690</ymin>
			<ymax>740</ymax>
		</bndbox>
	</object>
	<object>
		<name>B</name>
		<pose>Unspecified</pose>
		<truncated>0</truncated>
		<difficult>0</difficult>
		<occluded>0</occluded>
		<bndbox>
			<xmin>416</xmin>
			<xmax>482</xmax>
			<ymin>701</ymin>
			<ymax>751</ymax>
		</bndbox>
	</object>
	<object>
		<name>B</name>
		<pose>Unspecified</pose>
		<truncated>0</truncated>
		<difficult>0</difficult>
		<occluded>0</occluded>
		<bndbox>
			<xmin>393</xmin>
			<xmax>460</xmax>
			<ymin>635</ymin>
			<ymax>689</ymax>
		</bndbox>
	</object>
	<object>
		<name>B</name>
		<pose>Unspecified</pose>
		<truncated>0</truncated>
		<difficult>0</difficult>
		<occluded>0</occluded>
		<bndbox>
			<xmin>372</xmin>
			<xmax>439</xmax>
			<ymin>573</ymin>
			<ymax>625</ymax>
		</bndbox>
	</object>
	<object>
		<name>B</name>
		<pose>Unspecified</pose>
		<truncated>0</truncated>
		<difficult>0</difficult>
		<occluded>0</occluded>
		<bndbox>
			<xmin>356</xmin>
			<xmax>421</xmax>
			<ymin>508</ymin>
			<ymax>562</ymax>
		</bndbox>
	</object>
	<object>
		<name>R</name>
		<pose>Unspecified</pose>
		<truncated>0</truncated>
		<difficult>0</difficult>
		<occluded>0</occluded>
		<bndbox>
			<xmin>574</xmin>
			<xmax>633</xmax>
			<ymin>976</ymin>
			<ymax>1036</ymax>
		</bndbox>
	</object>
	<object>
		<name>R</name>
		<pose>Unspecified</pose>
		<truncated>0</truncated>
		<difficult>0</difficult>
		<occluded>0</occluded>
		<bndbox>
			<xmin>551</xmin>
			<xmax>610</xmax>
			<ymin>907</ymin>
			<ymax>966</ymax>
		</bndbox>
	</object>
	<object>
		<name>R</name>
		<pose>Unspecified</pose>
		<truncated>0</truncated>
		<difficult>0</difficult>
		<occluded>0</occluded>
		<bndbox>
			<xmin>618</xmin>
			<xmax>681</xmax>
			<ymin>920</ymin>
			<ymax>978</ymax>
		</bndbox>
	</object>
	<object>
		<name>R</name>
		<pose>Unspecified</pose>
		<truncated>0</truncated>
		<difficult>0</difficult>
		<occluded>0</occluded>
		<bndbox>
			<xmin>531</xmin>
			<xmax>590</xmax>
			<ymin>841</ymin>
			<ymax>894</ymax>
		</bndbox>
	</object>
	<object>
		<name>R</name>
		<pose>Unspecified</pose>
		<truncated>0</truncated>
		<difficult>0</difficult>
		<occluded>0</occluded>
		<bndbox>
			<xmin>670</xmin>
			<xmax>728</xmax>
			<ymin>862</ymin>
			<ymax>918</ymax>
		</bndbox>
	</object>
	<object>
		<name>R</name>
		<pose>Unspecified</pose>
		<truncated>0</truncated>
		<difficult>0</difficult>
		<occluded>0</occluded>
		<bndbox>
			<xmin>508</xmin>
			<xmax>567</xmax>
			<ymin>775</ymin>
			<ymax>828</ymax>
		</bndbox>
	</object>
	<object>
		<name>R</name>
		<pose>Unspecified</pose>
		<truncated>0</truncated>
		<difficult>0</difficult>
		<occluded>0</occluded>
		<bndbox>
			<xmin>575</xmin>
			<xmax>636</xmax>
			<ymin>786</ymin>
			<ymax>844</ymax>
		</bndbox>
	</object>
	<object>
		<name>R</name>
		<pose>Unspecified</pose>
		<truncated>0</truncated>
		<difficult>0</difficult>
		<occluded>0</occluded>
		<bndbox>
			<xmin>644</xmin>
			<xmax>704</xmax>
			<ymin>796</ymin>
			<ymax>852</ymax>
		</bndbox>
	</object>
	<object>
		<name>R</name>
		<pose>Unspecified</pose>
		<truncated>0</truncated>
		<difficult>0</difficult>
		<occluded>0</occluded>
		<bndbox>
			<xmin>713</xmin>
			<xmax>773</xmax>
			<ymin>807</ymin>
			<ymax>864</ymax>
		</bndbox>
	</object>
	<object>
		<name>G</name>
		<pose>Unspecified</pose>
		<truncated>0</truncated>
		<difficult>0</difficult>
		<occluded>0</occluded>
		<bndbox>
			<xmin>831</xmin>
			<xmax>885</xmax>
			<ymin>766</ymin>
			<ymax>817</ymax>
		</bndbox>
	</object>
	<object>
		<name>G</name>
		<pose>Unspecified</pose>
		<truncated>0</truncated>
		<difficult>0</difficult>
		<occluded>0</occluded>
		<bndbox>
			<xmin>876</xmin>
			<xmax>926</xmax>
			<ymin>714</ymin>
			<ymax>768</ymax>
		</bndbox>
	</object>
	<object>
		<name>G</name>
		<pose>Unspecified</pose>
		<truncated>0</truncated>
		<difficult>0</difficult>
		<occluded>0</occluded>
		<bndbox>
			<xmin>921</xmin>
			<xmax>972</xmax>
			<ymin>664</ymin>
			<ymax>715</ymax>
		</bndbox>
	</object>
	<object>
		<name>G</name>
		<pose>Unspecified</pose>
		<truncated>0</truncated>
		<difficult>0</difficult>
		<occluded>0</occluded>
		<bndbox>
			<xmin>965</xmin>
			<xmax>1015</xmax>
			<ymin>609</ymin>
			<ymax>660</ymax>
		</bndbox>
	</object>
	<object>
		<name>G</name>
		<pose>Unspecified</pose>
		<truncated>0</truncated>
		<difficult>0</difficult>
		<occluded>0</occluded>
		<bndbox>
			<xmin>901</xmin>
			<xmax>952</xmax>
			<ymin>781</ymin>
			<ymax>832</ymax>
		</bndbox>
	</object>
	<object>
		<name>G</name>
		<pose>Unspecified</pose>
		<truncated>0</truncated>
		<difficult>0</difficult>
		<occluded>0</occluded>
		<bndbox>
			<xmin>969</xmin>
			<xmax>1020</xmax>
			<ymin>789</ymin>
			<ymax>842</ymax>
		</bndbox>
	</object>
	<object>
		<name>G</name>
		<pose>Unspecified</pose>
		<truncated>0</truncated>
		<difficult>0</difficult>
		<occluded>0</occluded>
		<bndbox>
			<xmin>991</xmin>
			<xmax>1040</xmax>
			<ymin>673</ymin>
			<ymax>725</ymax>
		</bndbox>
	</object>
	<object>
		<name>G</name>
		<pose>Unspecified</pose>
		<truncated>0</truncated>
		<difficult>0</difficult>
		<occluded>0</occluded>
		<bndbox>
			<xmin>1011</xmin>
			<xmax>1061</xmax>
			<ymin>736</ymin>
			<ymax>789</ymax>
		</bndbox>
	</object>
	<object>
		<name>G</name>
		<pose>Unspecified</pose>
		<truncated>0</truncated>
		<difficult>0</difficult>
		<occluded>0</occluded>
		<bndbox>
			<xmin>1037</xmin>
			<xmax>1089</xmax>
			<ymin>801</ymin>
			<ymax>854</ymax>
		</bndbox>
	</object>
	<object>
		<name>R2</name>
		<pose>Unspecified</pose>
		<truncated>0</truncated>
		<difficult>0</difficult>
		<occluded>0</occluded>
		<bndbox>
			<xmin>983</xmin>
			<xmax>1032</xmax>
			<ymin>493</ymin>
			<ymax>548</ymax>
		</bndbox>
	</object>
	<object>
		<name>R2</name>
		<pose>Unspecified</pose>
		<truncated>0</truncated>
		<difficult>0</difficult>
		<occluded>0</occluded>
		<bndbox>
			<xmin>960</xmin>
			<xmax>1010</xmax>
			<ymin>429</ymin>
			<ymax>485</ymax>
		</bndbox>
	</object>
	<object>
		<name>R2</name>
		<pose>Unspecified</pose>
		<truncated>0</truncated>
		<difficult>0</difficult>
		<occluded>0</occluded>
		<bndbox>
			<xmin>1025</xmin>
			<xmax>1076</xmax>
			<ymin>438</ymin>
			<ymax>496</ymax>
		</bndbox>
	</object>
	<object>
		<name>R2</name>
		<pose>Unspecified</pose>
		<truncated>0</truncated>
		<difficult>0</difficult>
		<occluded>0</occluded>
		<bndbox>
			<xmin>936</xmin>
			<xmax>988</xmax>
			<ymin>367</ymin>
			<ymax>425</ymax>
		</bndbox>
	</object>
	<object>
		<name>R2</name>
		<pose>Unspecified</pose>
		<truncated>0</truncated>
		<difficult>0</difficult>
		<occluded>0</occluded>
		<bndbox>
			<xmin>911</xmin>
			<xmax>963</xmax>
			<ymin>304</ymin>
			<ymax>368</ymax>
		</bndbox>
	</object>
	<object>
		<name>R2</name>
		<pose>Unspecified</pose>
		<truncated>0</truncated>
		<difficult>0</difficult>
		<occluded>0</occluded>
		<bndbox>
			<xmin>1001</xmin>
			<xmax>1049</xmax>
			<ymin>378</ymin>
			<ymax>436</ymax>
		</bndbox>
	</object>
	<object>
		<name>R2</name>
		<pose>Unspecified</pose>
		<truncated>0</truncated>
		<difficult>0</difficult>
		<occluded>0</occluded>
		<bndbox>
			<xmin>978</xmin>
			<xmax>1029</xmax>
			<ymin>315</ymin>
			<ymax>379</ymax>
		</bndbox>
	</object>
	<object>
		<name>R2</name>
		<pose>Unspecified</pose>
		<truncated>0</truncated>
		<difficult>0</difficult>
		<occluded>0</occluded>
		<bndbox>
			<xmin>1065</xmin>
			<xmax>1115</xmax>
			<ymin>387</ymin>
			<ymax>446</ymax>
		</bndbox>
	</object>
	<object>
		<name>R2</name>
		<pose>Unspecified</pose>
		<truncated>0</truncated>
		<difficult>0</difficult>
		<occluded>0</occluded>
		<bndbox>
			<xmin>1043</xmin>
			<xmax>1095</xmax>
			<ymin>328</ymin>
			<ymax>387</ymax>
		</bndbox>
	</object>
	<object>
		<name>R2</name>
		<pose>Unspecified</pose>
		<truncated>0</truncated>
		<difficult>0</difficult>
		<occluded>0</occluded>
		<bndbox>
			<xmin>1108</xmin>
			<xmax>1161</xmax>
			<ymin>342</ymin>
			<ymax>398</ymax>
		</bndbox>
	</object>
	<object>
		<name>W</name>
		<pose>Unspecified</pose>
		<truncated>0</truncated>
		<difficult>0</difficult>
		<occluded>0</occluded>
		<bndbox>
			<xmin>383</xmin>
			<xmax>445</xmax>
			<ymin>391</ymin>
			<ymax>448</ymax>
		</bndbox>
	</object>
	<object>
		<name>W</name>
		<pose>Unspecified</pose>
		<truncated>0</truncated>
		<difficult>0</difficult>
		<occluded>0</occluded>
		<bndbox>
			<xmin>362</xmin>
			<xmax>425</xmax>
			<ymin>330</ymin>
			<ymax>388</ymax>
		</bndbox>
	</object>
	<object>
		<name>W</name>
		<pose>Unspecified</pose>
		<truncated>0</truncated>
		<difficult>0</difficult>
		<occluded>0</occluded>
		<bndbox>
			<xmin>340</xmin>
			<xmax>405</xmax>
			<ymin>265</ymin>
			<ymax>326</ymax>
		</bndbox>
	</object>
	<object>
		<name>W</name>
		<pose>Unspecified</pose>
		<truncated>0</truncated>
		<difficult>0</difficult>
		<occluded>0</occluded>
		<bndbox>
			<xmin>321</xmin>
			<xmax>385</xmax>
			<ymin>203</ymin>
			<ymax>266</ymax>
		</bndbox>
	</object>
	<object>
		<name>W</name>
		<pose>Unspecified</pose>
		<truncated>0</truncated>
		<difficult>0</difficult>
		<occluded>0</occluded>
		<bndbox>
			<xmin>425</xmin>
			<xmax>493</xmax>
			<ymin>338</ymin>
			<ymax>398</ymax>
		</bndbox>
	</object>
	<object>
		<name>W</name>
		<pose>Unspecified</pose>
		<truncated>0</truncated>
		<difficult>0</difficult>
		<occluded>0</occluded>
		<bndbox>
			<xmin>475</xmin>
			<xmax>535</xmax>
			<ymin>288</ymin>
			<ymax>351</ymax>
		</bndbox>
	</object>
	<object>
		<name>W</name>
		<pose>Unspecified</pose>
		<truncated>0</truncated>
		<difficult>0</difficult>
		<occluded>0</occluded>
		<bndbox>
			<xmin>519</xmin>
			<xmax>579</xmax>
			<ymin>236</ymin>
			<ymax>300</ymax>
		</bndbox>
	</object>
	<object>
		<name>W</name>
		<pose>Unspecified</pose>
		<truncated>0</truncated>
		<difficult>0</difficult>
		<occluded>0</occluded>
		<bndbox>
			<xmin>451</xmin>
			<xmax>514</xmax>
			<ymin>224</ymin>
			<ymax>289</ymax>
		</bndbox>
	</object>
	<object>
		<name>W</name>
		<pose>Unspecified</pose>
		<truncated>0</truncated>
		<difficult>0</difficult>
		<occluded>0</occluded>
		<bndbox>
			<xmin>385</xmin>
			<xmax>449</xmax>
			<ymin>214</ymin>
			<ymax>277</ymax>
		</bndbox>
	</object>
	<object>
		<name>O</name>
		<pose>Unspecified</pose>
		<truncated>0</truncated>
		<difficult>0</difficult>
		<occluded>0</occluded>
		<bndbox>
			<xmin>630</xmin>
			<xmax>686</xmax>
			<ymin>200</ymin>
			<ymax>264</ymax>
		</bndbox>
	</object>
	<object>
		<name>O</name>
		<pose>Unspecified</pose>
		<truncated>0</truncated>
		<difficult>0</difficult>
		<occluded>0</occluded>
		<bndbox>
			<xmin>676</xmin>
			<xmax>729</xmax>
			<ymin>149</ymin>
			<ymax>214</ymax>
		</bndbox>
	</object>
	<object>
		<name>O</name>
		<pose>Unspecified</pose>
		<truncated>0</truncated>
		<difficult>0</difficult>
		<occluded>0</occluded>
		<bndbox>
			<xmin>720</xmin>
			<xmax>774</xmax>
			<ymin>101</ymin>
			<ymax>166</ymax>
		</bndbox>
	</object>
	<object>
		<name>O</name>
		<pose>Unspecified</pose>
		<truncated>0</truncated>
		<difficult>0</difficult>
		<occluded>0</occluded>
		<bndbox>
			<xmin>763</xmin>
			<xmax>813</xmax>
			<ymin>52</ymin>
			<ymax>120</ymax>
		</bndbox>
	</object>
	<object>
		<name>O</name>
		<pose>Unspecified</pose>
		<truncated>0</truncated>
		<difficult>0</difficult>
		<occluded>0</occluded>
		<bndbox>
			<xmin>698</xmin>
			<xmax>753</xmax>
			<ymin>210</ymin>
			<ymax>275</ymax>
		</bndbox>
	</object>
	<object>
		<name>O</name>
		<pose>Unspecified</pose>
		<truncated>0</truncated>
		<difficult>0</difficult>
		<occluded>0</occluded>
		<bndbox>
			<xmin>782</xmin>
			<xmax>833</xmax>
			<ymin>115</ymin>
			<ymax>179</ymax>
		</bndbox>
	</object>
	<object>
		<name>O</name>
		<pose>Unspecified</pose>
		<truncated>0</truncated>
		<difficult>0</difficult>
		<occluded>0</occluded>
		<bndbox>
			<xmin>741</xmin>
			<xmax>794</xmax>
			<ymin>162</ymin>
			<ymax>227</ymax>
		</bndbox>
	</object>
	<object>
		<name>O</name>
		<pose>Unspecified</pose>
		<truncated>0</truncated>
		<difficult>0</difficult>
		<occluded>0</occluded>
		<bndbox>
			<xmin>805</xmin>
			<xmax>856</xmax>
			<ymin>173</ymin>
			<ymax>238</ymax>
		</bndbox>
	</object>
	<object>
		<name>O</name>
		<pose>Unspecified</pose>
		<truncated>0</truncated>
		<difficult>0</difficult>
		<occluded>0</occluded>
		<bndbox>
			<xmin>762</xmin>
			<xmax>814</xmax>
			<ymin>225</ymin>
			<ymax>287</ymax>
		</bndbox>
	</object>
	<object>
		<name>O</name>
		<pose>Unspecified</pose>
		<truncated>0</truncated>
		<difficult>0</difficult>
		<occluded>0</occluded>
		<bndbox>
			<xmin>827</xmin>
			<xmax>878</xmax>
			<ymin>235</ymin>
			<ymax>296</ymax>
		</bndbox>
	</object>
</annotation>
