<annotation>
	<folder></folder>
	<filename>2022-12-20-215001_jpg.rf.82f68febf18f31ecd23863c3f26911f7.jpg</filename>
	<path>2022-12-20-215001_jpg.rf.82f68febf18f31ecd23863c3f26911f7.jpg</path>
	<source>
		<database>roboflow.ai</database>
	</source>
	<size>
		<width>1920</width>
		<height>1080</height>
		<depth>3</depth>
	</size>
	<segmented>0</segmented>
	<object>
		<name>B</name>
		<pose>Unspecified</pose>
		<truncated>0</truncated>
		<difficult>0</difficult>
		<occluded>0</occluded>
		<bndbox>
			<xmin>1051</xmin>
			<xmax>1101</xmax>
			<ymin>836</ymin>
			<ymax>884</ymax>
		</bndbox>
	</object>
	<object>
		<name>B</name>
		<pose>Unspecified</pose>
		<truncated>0</truncated>
		<difficult>0</difficult>
		<occluded>0</occluded>
		<bndbox>
			<xmin>833</xmin>
			<xmax>881</xmax>
			<ymin>328</ymin>
			<ymax>384</ymax>
		</bndbox>
	</object>
	<object>
		<name>B</name>
		<pose>Unspecified</pose>
		<truncated>0</truncated>
		<difficult>0</difficult>
		<occluded>0</occluded>
		<bndbox>
			<xmin>710</xmin>
			<xmax>758</xmax>
			<ymin>285</ymin>
			<ymax>344</ymax>
		</bndbox>
	</object>
	<object>
		<name>B</name>
		<pose>Unspecified</pose>
		<truncated>0</truncated>
		<difficult>0</difficult>
		<occluded>0</occluded>
		<bndbox>
			<xmin>885</xmin>
			<xmax>931</xmax>
			<ymin>285</ymin>
			<ymax>344</ymax>
		</bndbox>
	</object>
	<object>
		<name>B</name>
		<pose>Unspecified</pose>
		<truncated>0</truncated>
		<difficult>0</difficult>
		<occluded>0</occluded>
		<bndbox>
			<xmin>750</xmin>
			<xmax>797</xmax>
			<ymin>182</ymin>
			<ymax>243</ymax>
		</bndbox>
	</object>
	<object>
		<name>B</name>
		<pose>Unspecified</pose>
		<truncated>0</truncated>
		<difficult>0</difficult>
		<occluded>0</occluded>
		<bndbox>
			<xmin>856</xmin>
			<xmax>906</xmax>
			<ymin>161</ymin>
			<ymax>224</ymax>
		</bndbox>
	</object>
	<object>
		<name>B</name>
		<pose>Unspecified</pose>
		<truncated>0</truncated>
		<difficult>0</difficult>
		<occluded>0</occluded>
		<bndbox>
			<xmin>796</xmin>
			<xmax>843</xmax>
			<ymin>139</ymin>
			<ymax>203</ymax>
		</bndbox>
	</object>
	<object>
		<name>B</name>
		<pose>Unspecified</pose>
		<truncated>0</truncated>
		<difficult>0</difficult>
		<occluded>0</occluded>
		<bndbox>
			<xmin>845</xmin>
			<xmax>892</xmax>
			<ymin>109</ymin>
			<ymax>164</ymax>
		</bndbox>
	</object>
	<object>
		<name>B</name>
		<pose>Unspecified</pose>
		<truncated>0</truncated>
		<difficult>0</difficult>
		<occluded>0</occluded>
		<bndbox>
			<xmin>906</xmin>
			<xmax>954</xmax>
			<ymin>119</ymin>
			<ymax>183</ymax>
		</bndbox>
	</object>
	<object>
		<name>B</name>
		<pose>Unspecified</pose>
		<truncated>0</truncated>
		<difficult>0</difficult>
		<occluded>0</occluded>
		<bndbox>
			<xmin>572</xmin>
			<xmax>626</xmax>
			<ymin>180</ymin>
			<ymax>242</ymax>
		</bndbox>
	</object>
	<object>
		<name>R2</name>
		<pose>Unspecified</pose>
		<truncated>0</truncated>
		<difficult>0</difficult>
		<occluded>0</occluded>
		<bndbox>
			<xmin>453</xmin>
			<xmax>512</xmax>
			<ymin>202</ymin>
			<ymax>261</ymax>
		</bndbox>
	</object>
	<object>
		<name>R2</name>
		<pose>Unspecified</pose>
		<truncated>0</truncated>
		<difficult>0</difficult>
		<occluded>0</occluded>
		<bndbox>
			<xmin>463</xmin>
			<xmax>523</xmax>
			<ymin>265</ymin>
			<ymax>325</ymax>
		</bndbox>
	</object>
	<object>
		<name>R2</name>
		<pose>Unspecified</pose>
		<truncated>0</truncated>
		<difficult>0</difficult>
		<occluded>0</occluded>
		<bndbox>
			<xmin>475</xmin>
			<xmax>535</xmax>
			<ymin>332</ymin>
			<ymax>387</ymax>
		</bndbox>
	</object>
	<object>
		<name>R2</name>
		<pose>Unspecified</pose>
		<truncated>0</truncated>
		<difficult>0</difficult>
		<occluded>0</occluded>
		<bndbox>
			<xmin>531</xmin>
			<xmax>587</xmax>
			<ymin>284</ymin>
			<ymax>342</ymax>
		</bndbox>
	</object>
	<object>
		<name>R2</name>
		<pose>Unspecified</pose>
		<truncated>0</truncated>
		<difficult>0</difficult>
		<occluded>0</occluded>
		<bndbox>
			<xmin>518</xmin>
			<xmax>576</xmax>
			<ymin>224</ymin>
			<ymax>284</ymax>
		</bndbox>
	</object>
	<object>
		<name>R2</name>
		<pose>Unspecified</pose>
		<truncated>0</truncated>
		<difficult>0</difficult>
		<occluded>0</occluded>
		<bndbox>
			<xmin>581</xmin>
			<xmax>635</xmax>
			<ymin>243</ymin>
			<ymax>303</ymax>
		</bndbox>
	</object>
	<object>
		<name>R2</name>
		<pose>Unspecified</pose>
		<truncated>0</truncated>
		<difficult>0</difficult>
		<occluded>0</occluded>
		<bndbox>
			<xmin>670</xmin>
			<xmax>721</xmax>
			<ymin>391</ymin>
			<ymax>447</ymax>
		</bndbox>
	</object>
	<object>
		<name>R2</name>
		<pose>Unspecified</pose>
		<truncated>0</truncated>
		<difficult>0</difficult>
		<occluded>0</occluded>
		<bndbox>
			<xmin>862</xmin>
			<xmax>907</xmax>
			<ymin>457</ymin>
			<ymax>510</ymax>
		</bndbox>
	</object>
	<object>
		<name>R2</name>
		<pose>Unspecified</pose>
		<truncated>0</truncated>
		<difficult>0</difficult>
		<occluded>0</occluded>
		<bndbox>
			<xmin>715</xmin>
			<xmax>765</xmax>
			<ymin>657</ymin>
			<ymax>704</ymax>
		</bndbox>
	</object>
	<object>
		<name>R2</name>
		<pose>Unspecified</pose>
		<truncated>0</truncated>
		<difficult>0</difficult>
		<occluded>0</occluded>
		<bndbox>
			<xmin>319</xmin>
			<xmax>387</xmax>
			<ymin>524</ymin>
			<ymax>580</ymax>
		</bndbox>
	</object>
	<object>
		<name>R</name>
		<pose>Unspecified</pose>
		<truncated>0</truncated>
		<difficult>0</difficult>
		<occluded>0</occluded>
		<bndbox>
			<xmin>560</xmin>
			<xmax>618</xmax>
			<ymin>859</ymin>
			<ymax>913</ymax>
		</bndbox>
	</object>
	<object>
		<name>R</name>
		<pose>Unspecified</pose>
		<truncated>0</truncated>
		<difficult>0</difficult>
		<occluded>0</occluded>
		<bndbox>
			<xmin>541</xmin>
			<xmax>599</xmax>
			<ymin>725</ymin>
			<ymax>774</ymax>
		</bndbox>
	</object>
	<object>
		<name>R</name>
		<pose>Unspecified</pose>
		<truncated>0</truncated>
		<difficult>0</difficult>
		<occluded>0</occluded>
		<bndbox>
			<xmin>396</xmin>
			<xmax>460</xmax>
			<ymin>615</ymin>
			<ymax>665</ymax>
		</bndbox>
	</object>
	<object>
		<name>R</name>
		<pose>Unspecified</pose>
		<truncated>0</truncated>
		<difficult>0</difficult>
		<occluded>0</occluded>
		<bndbox>
			<xmin>640</xmin>
			<xmax>692</xmax>
			<ymin>567</ymin>
			<ymax>618</ymax>
		</bndbox>
	</object>
	<object>
		<name>R</name>
		<pose>Unspecified</pose>
		<truncated>0</truncated>
		<difficult>0</difficult>
		<occluded>0</occluded>
		<bndbox>
			<xmin>818</xmin>
			<xmax>866</xmax>
			<ymin>567</ymin>
			<ymax>614</ymax>
		</bndbox>
	</object>
	<object>
		<name>R</name>
		<pose>Unspecified</pose>
		<truncated>0</truncated>
		<difficult>0</difficult>
		<occluded>0</occluded>
		<bndbox>
			<xmin>1036</xmin>
			<xmax>1084</xmax>
			<ymin>765</ymin>
			<ymax>815</ymax>
		</bndbox>
	</object>
	<object>
		<name>R</name>
		<pose>Unspecified</pose>
		<truncated>0</truncated>
		<difficult>0</difficult>
		<occluded>0</occluded>
		<bndbox>
			<xmin>1031</xmin>
			<xmax>1077</xmax>
			<ymin>457</ymin>
			<ymax>509</ymax>
		</bndbox>
	</object>
	<object>
		<name>R</name>
		<pose>Unspecified</pose>
		<truncated>0</truncated>
		<difficult>0</difficult>
		<occluded>0</occluded>
		<bndbox>
			<xmin>1094</xmin>
			<xmax>1144</xmax>
			<ymin>477</ymin>
			<ymax>530</ymax>
		</bndbox>
	</object>
	<object>
		<name>R</name>
		<pose>Unspecified</pose>
		<truncated>0</truncated>
		<difficult>0</difficult>
		<occluded>0</occluded>
		<bndbox>
			<xmin>1142</xmin>
			<xmax>1190</xmax>
			<ymin>435</ymin>
			<ymax>488</ymax>
		</bndbox>
	</object>
	<object>
		<name>R</name>
		<pose>Unspecified</pose>
		<truncated>0</truncated>
		<difficult>0</difficult>
		<occluded>0</occluded>
		<bndbox>
			<xmin>1006</xmin>
			<xmax>1052</xmax>
			<ymin>328</ymin>
			<ymax>383</ymax>
		</bndbox>
	</object>
	<object>
		<name>W</name>
		<pose>Unspecified</pose>
		<truncated>0</truncated>
		<difficult>0</difficult>
		<occluded>0</occluded>
		<bndbox>
			<xmin>548</xmin>
			<xmax>611</xmax>
			<ymin>792</ymin>
			<ymax>845</ymax>
		</bndbox>
	</object>
	<object>
		<name>W</name>
		<pose>Unspecified</pose>
		<truncated>0</truncated>
		<difficult>0</difficult>
		<occluded>0</occluded>
		<bndbox>
			<xmin>607</xmin>
			<xmax>663</xmax>
			<ymin>748</ymin>
			<ymax>797</ymax>
		</bndbox>
	</object>
	<object>
		<name>W</name>
		<pose>Unspecified</pose>
		<truncated>0</truncated>
		<difficult>0</difficult>
		<occluded>0</occluded>
		<bndbox>
			<xmin>856</xmin>
			<xmax>907</xmax>
			<ymin>767</ymin>
			<ymax>818</ymax>
		</bndbox>
	</object>
	<object>
		<name>W</name>
		<pose>Unspecified</pose>
		<truncated>0</truncated>
		<difficult>0</difficult>
		<occluded>0</occluded>
		<bndbox>
			<xmin>1021</xmin>
			<xmax>1070</xmax>
			<ymin>698</ymin>
			<ymax>747</ymax>
		</bndbox>
	</object>
	<object>
		<name>W</name>
		<pose>Unspecified</pose>
		<truncated>0</truncated>
		<difficult>0</difficult>
		<occluded>0</occluded>
		<bndbox>
			<xmin>1007</xmin>
			<xmax>1057</xmax>
			<ymin>630</ymin>
			<ymax>682</ymax>
		</bndbox>
	</object>
	<object>
		<name>W</name>
		<pose>Unspecified</pose>
		<truncated>0</truncated>
		<difficult>0</difficult>
		<occluded>0</occluded>
		<bndbox>
			<xmin>1045</xmin>
			<xmax>1094</xmax>
			<ymin>523</ymin>
			<ymax>573</ymax>
		</bndbox>
	</object>
	<object>
		<name>W</name>
		<pose>Unspecified</pose>
		<truncated>0</truncated>
		<difficult>0</difficult>
		<occluded>0</occluded>
		<bndbox>
			<xmin>743</xmin>
			<xmax>795</xmax>
			<ymin>480</ymin>
			<ymax>534</ymax>
		</bndbox>
	</object>
	<object>
		<name>W</name>
		<pose>Unspecified</pose>
		<truncated>0</truncated>
		<difficult>0</difficult>
		<occluded>0</occluded>
		<bndbox>
			<xmin>1066</xmin>
			<xmax>1114</xmax>
			<ymin>350</ymin>
			<ymax>405</ymax>
		</bndbox>
	</object>
	<object>
		<name>W</name>
		<pose>Unspecified</pose>
		<truncated>0</truncated>
		<difficult>0</difficult>
		<occluded>0</occluded>
		<bndbox>
			<xmin>635</xmin>
			<xmax>689</xmax>
			<ymin>199</ymin>
			<ymax>260</ymax>
		</bndbox>
	</object>
	<object>
		<name>W</name>
		<pose>Unspecified</pose>
		<truncated>0</truncated>
		<difficult>0</difficult>
		<occluded>0</occluded>
		<bndbox>
			<xmin>920</xmin>
			<xmax>968</xmax>
			<ymin>180</ymin>
			<ymax>240</ymax>
		</bndbox>
	</object>
	<object>
		<name>O</name>
		<pose>Unspecified</pose>
		<truncated>0</truncated>
		<difficult>0</difficult>
		<occluded>0</occluded>
		<bndbox>
			<xmin>626</xmin>
			<xmax>684</xmax>
			<ymin>883</ymin>
			<ymax>935</ymax>
		</bndbox>
	</object>
	<object>
		<name>O</name>
		<pose>Unspecified</pose>
		<truncated>0</truncated>
		<difficult>0</difficult>
		<occluded>0</occluded>
		<bndbox>
			<xmin>671</xmin>
			<xmax>727</xmax>
			<ymin>768</ymin>
			<ymax>817</ymax>
		</bndbox>
	</object>
	<object>
		<name>O</name>
		<pose>Unspecified</pose>
		<truncated>0</truncated>
		<difficult>0</difficult>
		<occluded>0</occluded>
		<bndbox>
			<xmin>985</xmin>
			<xmax>1036</xmax>
			<ymin>810</ymin>
			<ymax>862</ymax>
		</bndbox>
	</object>
	<object>
		<name>O</name>
		<pose>Unspecified</pose>
		<truncated>0</truncated>
		<difficult>0</difficult>
		<occluded>0</occluded>
		<bndbox>
			<xmin>970</xmin>
			<xmax>1020</xmax>
			<ymin>744</ymin>
			<ymax>793</ymax>
		</bndbox>
	</object>
	<object>
		<name>O</name>
		<pose>Unspecified</pose>
		<truncated>0</truncated>
		<difficult>0</difficult>
		<occluded>0</occluded>
		<bndbox>
			<xmin>910</xmin>
			<xmax>959</xmax>
			<ymin>720</ymin>
			<ymax>771</ymax>
		</bndbox>
	</object>
	<object>
		<name>O</name>
		<pose>Unspecified</pose>
		<truncated>0</truncated>
		<difficult>0</difficult>
		<occluded>0</occluded>
		<bndbox>
			<xmin>1081</xmin>
			<xmax>1128</xmax>
			<ymin>413</ymin>
			<ymax>467</ymax>
		</bndbox>
	</object>
	<object>
		<name>O</name>
		<pose>Unspecified</pose>
		<truncated>0</truncated>
		<difficult>0</difficult>
		<occluded>0</occluded>
		<bndbox>
			<xmin>1189</xmin>
			<xmax>1242</xmax>
			<ymin>390</ymin>
			<ymax>446</ymax>
		</bndbox>
	</object>
	<object>
		<name>O</name>
		<pose>Unspecified</pose>
		<truncated>0</truncated>
		<difficult>0</difficult>
		<occluded>0</occluded>
		<bndbox>
			<xmin>1128</xmin>
			<xmax>1177</xmax>
			<ymin>370</ymin>
			<ymax>425</ymax>
		</bndbox>
	</object>
	<object>
		<name>O</name>
		<pose>Unspecified</pose>
		<truncated>0</truncated>
		<difficult>0</difficult>
		<occluded>0</occluded>
		<bndbox>
			<xmin>944</xmin>
			<xmax>992</xmax>
			<ymin>308</ymin>
			<ymax>365</ymax>
		</bndbox>
	</object>
	<object>
		<name>O</name>
		<pose>Unspecified</pose>
		<truncated>0</truncated>
		<difficult>0</difficult>
		<occluded>0</occluded>
		<bndbox>
			<xmin>378</xmin>
			<xmax>441</xmax>
			<ymin>479</ymin>
			<ymax>535</ymax>
		</bndbox>
	</object>
	<object>
		<name>G</name>
		<pose>Unspecified</pose>
		<truncated>0</truncated>
		<difficult>0</difficult>
		<occluded>0</occluded>
		<bndbox>
			<xmin>615</xmin>
			<xmax>673</xmax>
			<ymin>815</ymin>
			<ymax>867</ymax>
		</bndbox>
	</object>
	<object>
		<name>G</name>
		<pose>Unspecified</pose>
		<truncated>0</truncated>
		<difficult>0</difficult>
		<occluded>0</occluded>
		<bndbox>
			<xmin>682</xmin>
			<xmax>737</xmax>
			<ymin>838</ymin>
			<ymax>887</ymax>
		</bndbox>
	</object>
	<object>
		<name>G</name>
		<pose>Unspecified</pose>
		<truncated>0</truncated>
		<difficult>0</difficult>
		<occluded>0</occluded>
		<bndbox>
			<xmin>738</xmin>
			<xmax>789</xmax>
			<ymin>789</ymin>
			<ymax>837</ymax>
		</bndbox>
	</object>
	<object>
		<name>G</name>
		<pose>Unspecified</pose>
		<truncated>0</truncated>
		<difficult>0</difficult>
		<occluded>0</occluded>
		<bndbox>
			<xmin>958</xmin>
			<xmax>1006</xmax>
			<ymin>677</ymin>
			<ymax>726</ymax>
		</bndbox>
	</object>
	<object>
		<name>G</name>
		<pose>Unspecified</pose>
		<truncated>0</truncated>
		<difficult>0</difficult>
		<occluded>0</occluded>
		<bndbox>
			<xmin>461</xmin>
			<xmax>523</xmax>
			<ymin>636</ymin>
			<ymax>686</ymax>
		</bndbox>
	</object>
	<object>
		<name>G</name>
		<pose>Unspecified</pose>
		<truncated>0</truncated>
		<difficult>0</difficult>
		<occluded>0</occluded>
		<bndbox>
			<xmin>455</xmin>
			<xmax>516</xmax>
			<ymin>569</ymin>
			<ymax>623</ymax>
		</bndbox>
	</object>
	<object>
		<name>G</name>
		<pose>Unspecified</pose>
		<truncated>0</truncated>
		<difficult>0</difficult>
		<occluded>0</occluded>
		<bndbox>
			<xmin>442</xmin>
			<xmax>506</xmax>
			<ymin>502</ymin>
			<ymax>556</ymax>
		</bndbox>
	</object>
	<object>
		<name>G</name>
		<pose>Unspecified</pose>
		<truncated>0</truncated>
		<difficult>0</difficult>
		<occluded>0</occluded>
		<bndbox>
			<xmin>629</xmin>
			<xmax>680</xmax>
			<ymin>503</ymin>
			<ymax>555</ymax>
		</bndbox>
	</object>
	<object>
		<name>G</name>
		<pose>Unspecified</pose>
		<truncated>0</truncated>
		<difficult>0</difficult>
		<occluded>0</occluded>
		<bndbox>
			<xmin>430</xmin>
			<xmax>493</xmax>
			<ymin>434</ymin>
			<ymax>489</ymax>
		</bndbox>
	</object>
	<object>
		<name>G</name>
		<pose>Unspecified</pose>
		<truncated>0</truncated>
		<difficult>0</difficult>
		<occluded>0</occluded>
		<bndbox>
			<xmin>1018</xmin>
			<xmax>1066</xmax>
			<ymin>392</ymin>
			<ymax>447</ymax>
		</bndbox>
	</object>
</annotation>
