<annotation>
	<folder></folder>
	<filename>2022-12-20-220135_jpg.rf.92f7fcf47db6eaff1f39fba17e388af3.jpg</filename>
	<path>2022-12-20-220135_jpg.rf.92f7fcf47db6eaff1f39fba17e388af3.jpg</path>
	<source>
		<database>roboflow.ai</database>
	</source>
	<size>
		<width>1920</width>
		<height>1080</height>
		<depth>3</depth>
	</size>
	<segmented>0</segmented>
	<object>
		<name>B</name>
		<pose>Unspecified</pose>
		<truncated>0</truncated>
		<difficult>0</difficult>
		<occluded>0</occluded>
		<bndbox>
			<xmin>703</xmin>
			<xmax>754</xmax>
			<ymin>592</ymin>
			<ymax>639</ymax>
		</bndbox>
	</object>
	<object>
		<name>B</name>
		<pose>Unspecified</pose>
		<truncated>0</truncated>
		<difficult>0</difficult>
		<occluded>0</occluded>
		<bndbox>
			<xmin>808</xmin>
			<xmax>857</xmax>
			<ymin>504</ymin>
			<ymax>555</ymax>
		</bndbox>
	</object>
	<object>
		<name>B</name>
		<pose>Unspecified</pose>
		<truncated>0</truncated>
		<difficult>0</difficult>
		<occluded>0</occluded>
		<bndbox>
			<xmin>836</xmin>
			<xmax>881</xmax>
			<ymin>331</ymin>
			<ymax>387</ymax>
		</bndbox>
	</object>
	<object>
		<name>B</name>
		<pose>Unspecified</pose>
		<truncated>0</truncated>
		<difficult>0</difficult>
		<occluded>0</occluded>
		<bndbox>
			<xmin>884</xmin>
			<xmax>930</xmax>
			<ymin>289</ymin>
			<ymax>347</ymax>
		</bndbox>
	</object>
	<object>
		<name>B</name>
		<pose>Unspecified</pose>
		<truncated>0</truncated>
		<difficult>0</difficult>
		<occluded>0</occluded>
		<bndbox>
			<xmin>707</xmin>
			<xmax>756</xmax>
			<ymin>288</ymin>
			<ymax>346</ymax>
		</bndbox>
	</object>
	<object>
		<name>B</name>
		<pose>Unspecified</pose>
		<truncated>0</truncated>
		<difficult>0</difficult>
		<occluded>0</occluded>
		<bndbox>
			<xmin>918</xmin>
			<xmax>965</xmax>
			<ymin>184</ymin>
			<ymax>244</ymax>
		</bndbox>
	</object>
	<object>
		<name>B</name>
		<pose>Unspecified</pose>
		<truncated>0</truncated>
		<difficult>0</difficult>
		<occluded>0</occluded>
		<bndbox>
			<xmin>861</xmin>
			<xmax>907</xmax>
			<ymin>162</ymin>
			<ymax>224</ymax>
		</bndbox>
	</object>
	<object>
		<name>B</name>
		<pose>Unspecified</pose>
		<truncated>0</truncated>
		<difficult>0</difficult>
		<occluded>0</occluded>
		<bndbox>
			<xmin>906</xmin>
			<xmax>953</xmax>
			<ymin>121</ymin>
			<ymax>184</ymax>
		</bndbox>
	</object>
	<object>
		<name>B</name>
		<pose>Unspecified</pose>
		<truncated>0</truncated>
		<difficult>0</difficult>
		<occluded>0</occluded>
		<bndbox>
			<xmin>845</xmin>
			<xmax>893</xmax>
			<ymin>100</ymin>
			<ymax>164</ymax>
		</bndbox>
	</object>
	<object>
		<name>B</name>
		<pose>Unspecified</pose>
		<truncated>0</truncated>
		<difficult>0</difficult>
		<occluded>0</occluded>
		<bndbox>
			<xmin>895</xmin>
			<xmax>940</xmax>
			<ymin>60</ymin>
			<ymax>123</ymax>
		</bndbox>
	</object>
	<object>
		<name>O</name>
		<pose>Unspecified</pose>
		<truncated>0</truncated>
		<difficult>0</difficult>
		<occluded>0</occluded>
		<bndbox>
			<xmin>920</xmin>
			<xmax>968</xmax>
			<ymin>791</ymin>
			<ymax>841</ymax>
		</bndbox>
	</object>
	<object>
		<name>O</name>
		<pose>Unspecified</pose>
		<truncated>0</truncated>
		<difficult>0</difficult>
		<occluded>0</occluded>
		<bndbox>
			<xmin>970</xmin>
			<xmax>1021</xmax>
			<ymin>746</ymin>
			<ymax>796</ymax>
		</bndbox>
	</object>
	<object>
		<name>O</name>
		<pose>Unspecified</pose>
		<truncated>0</truncated>
		<difficult>0</difficult>
		<occluded>0</occluded>
		<bndbox>
			<xmin>983</xmin>
			<xmax>1032</xmax>
			<ymin>812</ymin>
			<ymax>863</ymax>
		</bndbox>
	</object>
	<object>
		<name>O</name>
		<pose>Unspecified</pose>
		<truncated>0</truncated>
		<difficult>0</difficult>
		<occluded>0</occluded>
		<bndbox>
			<xmin>1047</xmin>
			<xmax>1098</xmax>
			<ymin>834</ymin>
			<ymax>883</ymax>
		</bndbox>
	</object>
	<object>
		<name>O</name>
		<pose>Unspecified</pose>
		<truncated>0</truncated>
		<difficult>0</difficult>
		<occluded>0</occluded>
		<bndbox>
			<xmin>1032</xmin>
			<xmax>1083</xmax>
			<ymin>768</ymin>
			<ymax>819</ymax>
		</bndbox>
	</object>
	<object>
		<name>O</name>
		<pose>Unspecified</pose>
		<truncated>0</truncated>
		<difficult>0</difficult>
		<occluded>0</occluded>
		<bndbox>
			<xmin>726</xmin>
			<xmax>778</xmax>
			<ymin>724</ymin>
			<ymax>774</ymax>
		</bndbox>
	</object>
	<object>
		<name>O</name>
		<pose>Unspecified</pose>
		<truncated>0</truncated>
		<difficult>0</difficult>
		<occluded>0</occluded>
		<bndbox>
			<xmin>932</xmin>
			<xmax>979</xmax>
			<ymin>546</ymin>
			<ymax>597</ymax>
		</bndbox>
	</object>
	<object>
		<name>O</name>
		<pose>Unspecified</pose>
		<truncated>0</truncated>
		<difficult>0</difficult>
		<occluded>0</occluded>
		<bndbox>
			<xmin>983</xmin>
			<xmax>1029</xmax>
			<ymin>504</ymin>
			<ymax>556</ymax>
		</bndbox>
	</object>
	<object>
		<name>O</name>
		<pose>Unspecified</pose>
		<truncated>0</truncated>
		<difficult>0</difficult>
		<occluded>0</occluded>
		<bndbox>
			<xmin>945</xmin>
			<xmax>991</xmax>
			<ymin>311</ymin>
			<ymax>368</ymax>
		</bndbox>
	</object>
	<object>
		<name>O</name>
		<pose>Unspecified</pose>
		<truncated>0</truncated>
		<difficult>0</difficult>
		<occluded>0</occluded>
		<bndbox>
			<xmin>657</xmin>
			<xmax>708</xmax>
			<ymin>330</ymin>
			<ymax>385</ymax>
		</bndbox>
	</object>
	<object>
		<name>G</name>
		<pose>Unspecified</pose>
		<truncated>0</truncated>
		<difficult>0</difficult>
		<occluded>0</occluded>
		<bndbox>
			<xmin>266</xmin>
			<xmax>335</xmax>
			<ymin>572</ymin>
			<ymax>621</ymax>
		</bndbox>
	</object>
	<object>
		<name>G</name>
		<pose>Unspecified</pose>
		<truncated>0</truncated>
		<difficult>0</difficult>
		<occluded>0</occluded>
		<bndbox>
			<xmin>330</xmin>
			<xmax>394</xmax>
			<ymin>591</ymin>
			<ymax>642</ymax>
		</bndbox>
	</object>
	<object>
		<name>G</name>
		<pose>Unspecified</pose>
		<truncated>0</truncated>
		<difficult>0</difficult>
		<occluded>0</occluded>
		<bndbox>
			<xmin>321</xmin>
			<xmax>388</xmax>
			<ymin>525</ymin>
			<ymax>578</ymax>
		</bndbox>
	</object>
	<object>
		<name>G</name>
		<pose>Unspecified</pose>
		<truncated>0</truncated>
		<difficult>0</difficult>
		<occluded>0</occluded>
		<bndbox>
			<xmin>376</xmin>
			<xmax>440</xmax>
			<ymin>480</ymin>
			<ymax>535</ymax>
		</bndbox>
	</object>
	<object>
		<name>G</name>
		<pose>Unspecified</pose>
		<truncated>0</truncated>
		<difficult>0</difficult>
		<occluded>0</occluded>
		<bndbox>
			<xmin>487</xmin>
			<xmax>546</xmax>
			<ymin>395</ymin>
			<ymax>449</ymax>
		</bndbox>
	</object>
	<object>
		<name>G</name>
		<pose>Unspecified</pose>
		<truncated>0</truncated>
		<difficult>0</difficult>
		<occluded>0</occluded>
		<bndbox>
			<xmin>649</xmin>
			<xmax>698</xmax>
			<ymin>265</ymin>
			<ymax>325</ymax>
		</bndbox>
	</object>
	<object>
		<name>G</name>
		<pose>Unspecified</pose>
		<truncated>0</truncated>
		<difficult>0</difficult>
		<occluded>0</occluded>
		<bndbox>
			<xmin>970</xmin>
			<xmax>1017</xmax>
			<ymin>440</ymin>
			<ymax>492</ymax>
		</bndbox>
	</object>
	<object>
		<name>G</name>
		<pose>Unspecified</pose>
		<truncated>0</truncated>
		<difficult>0</difficult>
		<occluded>0</occluded>
		<bndbox>
			<xmin>997</xmin>
			<xmax>1042</xmax>
			<ymin>568</ymin>
			<ymax>617</ymax>
		</bndbox>
	</object>
	<object>
		<name>G</name>
		<pose>Unspecified</pose>
		<truncated>0</truncated>
		<difficult>0</difficult>
		<occluded>0</occluded>
		<bndbox>
			<xmin>792</xmin>
			<xmax>840</xmax>
			<ymin>747</ymin>
			<ymax>795</ymax>
		</bndbox>
	</object>
	<object>
		<name>G</name>
		<pose>Unspecified</pose>
		<truncated>0</truncated>
		<difficult>0</difficult>
		<occluded>0</occluded>
		<bndbox>
			<xmin>659</xmin>
			<xmax>711</xmax>
			<ymin>705</ymin>
			<ymax>751</ymax>
		</bndbox>
	</object>
	<object>
		<name>R</name>
		<pose>Unspecified</pose>
		<truncated>0</truncated>
		<difficult>0</difficult>
		<occluded>0</occluded>
		<bndbox>
			<xmin>507</xmin>
			<xmax>563</xmax>
			<ymin>527</ymin>
			<ymax>577</ymax>
		</bndbox>
	</object>
	<object>
		<name>R</name>
		<pose>Unspecified</pose>
		<truncated>0</truncated>
		<difficult>0</difficult>
		<occluded>0</occluded>
		<bndbox>
			<xmin>497</xmin>
			<xmax>555</xmax>
			<ymin>460</ymin>
			<ymax>514</ymax>
		</bndbox>
	</object>
	<object>
		<name>R</name>
		<pose>Unspecified</pose>
		<truncated>0</truncated>
		<difficult>0</difficult>
		<occluded>0</occluded>
		<bndbox>
			<xmin>549</xmin>
			<xmax>606</xmax>
			<ymin>418</ymin>
			<ymax>472</ymax>
		</bndbox>
	</object>
	<object>
		<name>R</name>
		<pose>Unspecified</pose>
		<truncated>0</truncated>
		<difficult>0</difficult>
		<occluded>0</occluded>
		<bndbox>
			<xmin>456</xmin>
			<xmax>515</xmax>
			<ymin>202</ymin>
			<ymax>262</ymax>
		</bndbox>
	</object>
	<object>
		<name>R</name>
		<pose>Unspecified</pose>
		<truncated>0</truncated>
		<difficult>0</difficult>
		<occluded>0</occluded>
		<bndbox>
			<xmin>571</xmin>
			<xmax>624</xmax>
			<ymin>182</ymin>
			<ymax>244</ymax>
		</bndbox>
	</object>
	<object>
		<name>R</name>
		<pose>Unspecified</pose>
		<truncated>0</truncated>
		<difficult>0</difficult>
		<occluded>0</occluded>
		<bndbox>
			<xmin>509</xmin>
			<xmax>563</xmax>
			<ymin>160</ymin>
			<ymax>222</ymax>
		</bndbox>
	</object>
	<object>
		<name>R</name>
		<pose>Unspecified</pose>
		<truncated>0</truncated>
		<difficult>0</difficult>
		<occluded>0</occluded>
		<bndbox>
			<xmin>444</xmin>
			<xmax>501</xmax>
			<ymin>140</ymin>
			<ymax>201</ymax>
		</bndbox>
	</object>
	<object>
		<name>R</name>
		<pose>Unspecified</pose>
		<truncated>0</truncated>
		<difficult>0</difficult>
		<occluded>0</occluded>
		<bndbox>
			<xmin>895</xmin>
			<xmax>942</xmax>
			<ymin>352</ymin>
			<ymax>406</ymax>
		</bndbox>
	</object>
	<object>
		<name>R</name>
		<pose>Unspecified</pose>
		<truncated>0</truncated>
		<difficult>0</difficult>
		<occluded>0</occluded>
		<bndbox>
			<xmin>908</xmin>
			<xmax>955</xmax>
			<ymin>415</ymin>
			<ymax>472</ymax>
		</bndbox>
	</object>
	<object>
		<name>R</name>
		<pose>Unspecified</pose>
		<truncated>0</truncated>
		<difficult>0</difficult>
		<occluded>0</occluded>
		<bndbox>
			<xmin>596</xmin>
			<xmax>650</xmax>
			<ymin>683</ymin>
			<ymax>731</ymax>
		</bndbox>
	</object>
	<object>
		<name>R2</name>
		<pose>Unspecified</pose>
		<truncated>0</truncated>
		<difficult>0</difficult>
		<occluded>0</occluded>
		<bndbox>
			<xmin>569</xmin>
			<xmax>627</xmax>
			<ymin>934</ymin>
			<ymax>988</ymax>
		</bndbox>
	</object>
	<object>
		<name>R2</name>
		<pose>Unspecified</pose>
		<truncated>0</truncated>
		<difficult>0</difficult>
		<occluded>0</occluded>
		<bndbox>
			<xmin>623</xmin>
			<xmax>682</xmax>
			<ymin>886</ymin>
			<ymax>936</ymax>
		</bndbox>
	</object>
	<object>
		<name>R2</name>
		<pose>Unspecified</pose>
		<truncated>0</truncated>
		<difficult>0</difficult>
		<occluded>0</occluded>
		<bndbox>
			<xmin>556</xmin>
			<xmax>618</xmax>
			<ymin>862</ymin>
			<ymax>912</ymax>
		</bndbox>
	</object>
	<object>
		<name>R2</name>
		<pose>Unspecified</pose>
		<truncated>0</truncated>
		<difficult>0</difficult>
		<occluded>0</occluded>
		<bndbox>
			<xmin>546</xmin>
			<xmax>607</xmax>
			<ymin>795</ymin>
			<ymax>845</ymax>
		</bndbox>
	</object>
	<object>
		<name>R2</name>
		<pose>Unspecified</pose>
		<truncated>0</truncated>
		<difficult>0</difficult>
		<occluded>0</occluded>
		<bndbox>
			<xmin>647</xmin>
			<xmax>700</xmax>
			<ymin>637</ymin>
			<ymax>686</ymax>
		</bndbox>
	</object>
	<object>
		<name>R2</name>
		<pose>Unspecified</pose>
		<truncated>0</truncated>
		<difficult>0</difficult>
		<occluded>0</occluded>
		<bndbox>
			<xmin>580</xmin>
			<xmax>637</xmax>
			<ymin>616</ymin>
			<ymax>665</ymax>
		</bndbox>
	</object>
	<object>
		<name>R2</name>
		<pose>Unspecified</pose>
		<truncated>0</truncated>
		<difficult>0</difficult>
		<occluded>0</occluded>
		<bndbox>
			<xmin>832</xmin>
			<xmax>879</xmax>
			<ymin>635</ymin>
			<ymax>684</ymax>
		</bndbox>
	</object>
	<object>
		<name>R2</name>
		<pose>Unspecified</pose>
		<truncated>0</truncated>
		<difficult>0</difficult>
		<occluded>0</occluded>
		<bndbox>
			<xmin>570</xmin>
			<xmax>628</xmax>
			<ymin>549</ymin>
			<ymax>599</ymax>
		</bndbox>
	</object>
	<object>
		<name>R2</name>
		<pose>Unspecified</pose>
		<truncated>0</truncated>
		<difficult>0</difficult>
		<occluded>0</occluded>
		<bndbox>
			<xmin>872</xmin>
			<xmax>919</xmax>
			<ymin>528</ymin>
			<ymax>576</ymax>
		</bndbox>
	</object>
	<object>
		<name>R2</name>
		<pose>Unspecified</pose>
		<truncated>0</truncated>
		<difficult>0</difficult>
		<occluded>0</occluded>
		<bndbox>
			<xmin>535</xmin>
			<xmax>596</xmax>
			<ymin>351</ymin>
			<ymax>409</ymax>
		</bndbox>
	</object>
	<object>
		<name>W</name>
		<pose>Unspecified</pose>
		<truncated>0</truncated>
		<difficult>0</difficult>
		<occluded>0</occluded>
		<bndbox>
			<xmin>842</xmin>
			<xmax>893</xmax>
			<ymin>702</ymin>
			<ymax>751</ymax>
		</bndbox>
	</object>
	<object>
		<name>W</name>
		<pose>Unspecified</pose>
		<truncated>0</truncated>
		<difficult>0</difficult>
		<occluded>0</occluded>
		<bndbox>
			<xmin>779</xmin>
			<xmax>830</xmax>
			<ymin>680</ymin>
			<ymax>728</ymax>
		</bndbox>
	</object>
	<object>
		<name>W</name>
		<pose>Unspecified</pose>
		<truncated>0</truncated>
		<difficult>0</difficult>
		<occluded>0</occluded>
		<bndbox>
			<xmin>1091</xmin>
			<xmax>1142</xmax>
			<ymin>482</ymin>
			<ymax>534</ymax>
		</bndbox>
	</object>
	<object>
		<name>W</name>
		<pose>Unspecified</pose>
		<truncated>0</truncated>
		<difficult>0</difficult>
		<occluded>0</occluded>
		<bndbox>
			<xmin>1080</xmin>
			<xmax>1127</xmax>
			<ymin>416</ymin>
			<ymax>470</ymax>
		</bndbox>
	</object>
	<object>
		<name>W</name>
		<pose>Unspecified</pose>
		<truncated>0</truncated>
		<difficult>0</difficult>
		<occluded>0</occluded>
		<bndbox>
			<xmin>1139</xmin>
			<xmax>1192</xmax>
			<ymin>435</ymin>
			<ymax>490</ymax>
		</bndbox>
	</object>
	<object>
		<name>W</name>
		<pose>Unspecified</pose>
		<truncated>0</truncated>
		<difficult>0</difficult>
		<occluded>0</occluded>
		<bndbox>
			<xmin>1127</xmin>
			<xmax>1180</xmax>
			<ymin>374</ymin>
			<ymax>429</ymax>
		</bndbox>
	</object>
	<object>
		<name>W</name>
		<pose>Unspecified</pose>
		<truncated>0</truncated>
		<difficult>0</difficult>
		<occluded>0</occluded>
		<bndbox>
			<xmin>1190</xmin>
			<xmax>1244</xmax>
			<ymin>394</ymin>
			<ymax>447</ymax>
		</bndbox>
	</object>
	<object>
		<name>W</name>
		<pose>Unspecified</pose>
		<truncated>0</truncated>
		<difficult>0</difficult>
		<occluded>0</occluded>
		<bndbox>
			<xmin>772</xmin>
			<xmax>821</xmax>
			<ymin>312</ymin>
			<ymax>369</ymax>
		</bndbox>
	</object>
	<object>
		<name>W</name>
		<pose>Unspecified</pose>
		<truncated>0</truncated>
		<difficult>0</difficult>
		<occluded>0</occluded>
		<bndbox>
			<xmin>697</xmin>
			<xmax>747</xmax>
			<ymin>224</ymin>
			<ymax>283</ymax>
		</bndbox>
	</object>
	<object>
		<name>W</name>
		<pose>Unspecified</pose>
		<truncated>0</truncated>
		<difficult>0</difficult>
		<occluded>0</occluded>
		<bndbox>
			<xmin>742</xmin>
			<xmax>791</xmax>
			<ymin>482</ymin>
			<ymax>536</ymax>
		</bndbox>
	</object>
</annotation>
